epoch,iteration,accuracy
1,1,1.0
1,2,1.0
1,3,1.0
1,4,0.984375
1,5,1.0
1,6,1.0
1,7,1.0
1,8,1.0
1,9,1.0
1,10,0.984375
1,11,0.984375
1,12,1.0
1,13,1.0
1,14,1.0
1,15,1.0
1,16,1.0
1,17,0.984375
1,18,1.0
1,19,1.0
1,20,1.0
1,21,1.0
1,22,1.0
1,23,1.0
1,24,1.0
1,25,0.984375
1,26,1.0
1,27,1.0
1,28,1.0
1,29,1.0
1,30,1.0
1,31,1.0
1,32,1.0
1,33,1.0
1,34,1.0
1,35,1.0
1,36,1.0
1,37,1.0
1,38,1.0
1,39,1.0
1,40,0.984375
1,41,1.0
1,42,0.96875
1,43,1.0
1,44,1.0
1,45,1.0
1,46,1.0
1,47,1.0
1,48,1.0
1,49,1.0
1,50,1.0
1,51,1.0
1,52,1.0
1,53,1.0
1,54,1.0
1,55,1.0
1,56,1.0
1,57,1.0
1,58,1.0
1,59,1.0
1,60,1.0
1,61,1.0
1,62,1.0
1,63,1.0
1,64,1.0
1,65,1.0
1,66,1.0
1,67,1.0
1,68,1.0
1,69,1.0
1,70,1.0
1,71,1.0
1,72,1.0
1,73,1.0
1,74,1.0
1,75,1.0
1,76,1.0
1,77,1.0
1,78,1.0
1,79,1.0
1,80,1.0
1,81,1.0
1,82,1.0
1,83,1.0
1,84,1.0
1,85,1.0
1,86,1.0
1,87,1.0
1,88,1.0
1,89,1.0
1,90,1.0
1,91,1.0
1,92,1.0
1,93,1.0
1,94,1.0
1,95,1.0
1,96,1.0
1,97,1.0
1,98,1.0
1,99,1.0
1,100,1.0
1,101,1.0
1,102,1.0
1,103,1.0
1,104,1.0
1,105,1.0
1,106,1.0
1,107,1.0
1,108,1.0
1,109,1.0
1,110,1.0
1,111,1.0
1,112,0.984375
1,113,1.0
1,114,1.0
1,115,1.0
1,116,1.0
1,117,1.0
1,118,1.0
1,119,1.0
1,120,1.0
1,121,1.0
1,122,1.0
1,123,1.0
1,124,0.984375
1,125,1.0
1,126,1.0
1,127,1.0
1,128,1.0
1,129,1.0
1,130,1.0
1,131,1.0
1,132,1.0
1,133,1.0
1,134,1.0
1,135,1.0
1,136,1.0
1,137,1.0
1,138,1.0
1,139,1.0
1,140,1.0
1,141,1.0
1,142,1.0
1,143,1.0
1,144,1.0
1,145,1.0
1,146,1.0
1,147,1.0
1,148,1.0
1,149,1.0
1,150,1.0
1,151,1.0
1,152,1.0
1,153,1.0
1,154,1.0
1,155,1.0
1,156,1.0
1,157,1.0
1,158,1.0
1,159,1.0
1,160,1.0
1,161,1.0
1,162,1.0
1,163,1.0
1,164,1.0
1,165,1.0
1,166,1.0
1,167,1.0
1,168,1.0
1,169,1.0
1,170,1.0
1,171,1.0
1,172,1.0
1,173,1.0
1,174,1.0
1,175,0.984375
1,176,1.0
1,177,1.0
1,178,1.0
1,179,1.0
1,180,1.0
1,181,1.0
1,182,1.0
1,183,1.0
1,184,1.0
1,185,1.0
1,186,1.0
1,187,1.0
1,188,1.0
1,189,1.0
1,190,1.0
1,191,1.0
1,192,0.984375
1,193,1.0
1,194,1.0
1,195,1.0
1,196,1.0
1,197,1.0
1,198,1.0
1,199,1.0
1,200,1.0
1,201,1.0
1,202,1.0
1,203,1.0
1,204,1.0
1,205,1.0
1,206,1.0
1,207,1.0
1,208,1.0
1,209,1.0
1,210,1.0
1,211,1.0
1,212,1.0
1,213,1.0
1,214,1.0
1,215,1.0
1,216,1.0
1,217,1.0
1,218,0.984375
1,219,1.0
1,220,1.0
2,1,1.0
2,2,1.0
2,3,1.0
2,4,1.0
2,5,1.0
2,6,1.0
2,7,1.0
2,8,1.0
2,9,1.0
2,10,1.0
2,11,1.0
2,12,1.0
2,13,1.0
2,14,1.0
2,15,1.0
2,16,1.0
2,17,1.0
2,18,1.0
2,19,1.0
2,20,1.0
2,21,1.0
2,22,1.0
2,23,1.0
2,24,1.0
2,25,1.0
2,26,1.0
2,27,1.0
2,28,1.0
2,29,1.0
2,30,1.0
2,31,1.0
2,32,1.0
2,33,1.0
2,34,1.0
2,35,1.0
2,36,1.0
2,37,1.0
2,38,1.0
2,39,1.0
2,40,1.0
2,41,1.0
2,42,1.0
2,43,1.0
2,44,1.0
2,45,1.0
2,46,1.0
2,47,1.0
2,48,1.0
2,49,1.0
2,50,1.0
2,51,1.0
2,52,1.0
2,53,1.0
2,54,1.0
2,55,1.0
2,56,1.0
2,57,1.0
2,58,1.0
2,59,1.0
2,60,1.0
2,61,1.0
2,62,1.0
2,63,1.0
2,64,1.0
2,65,1.0
2,66,1.0
2,67,1.0
2,68,1.0
2,69,1.0
2,70,1.0
2,71,1.0
2,72,1.0
2,73,1.0
2,74,1.0
2,75,1.0
2,76,1.0
2,77,1.0
2,78,1.0
2,79,1.0
2,80,1.0
2,81,1.0
2,82,1.0
2,83,1.0
2,84,1.0
2,85,1.0
2,86,1.0
2,87,1.0
2,88,1.0
2,89,1.0
2,90,1.0
2,91,1.0
2,92,1.0
2,93,1.0
2,94,1.0
2,95,1.0
2,96,1.0
2,97,1.0
2,98,1.0
2,99,1.0
2,100,1.0
2,101,1.0
2,102,1.0
2,103,1.0
2,104,1.0
2,105,1.0
2,106,1.0
2,107,1.0
2,108,1.0
2,109,1.0
2,110,1.0
2,111,1.0
2,112,1.0
2,113,1.0
2,114,1.0
2,115,1.0
2,116,1.0
2,117,1.0
2,118,1.0
2,119,1.0
2,120,1.0
2,121,1.0
2,122,0.984375
2,123,1.0
2,124,1.0
2,125,1.0
2,126,1.0
2,127,1.0
2,128,0.984375
2,129,1.0
2,130,1.0
2,131,1.0
2,132,1.0
2,133,1.0
2,134,1.0
2,135,1.0
2,136,1.0
2,137,1.0
2,138,1.0
2,139,1.0
2,140,1.0
2,141,1.0
2,142,1.0
2,143,1.0
2,144,1.0
2,145,1.0
2,146,1.0
2,147,1.0
2,148,1.0
2,149,1.0
2,150,1.0
2,151,0.984375
2,152,1.0
2,153,1.0
2,154,1.0
2,155,1.0
2,156,1.0
2,157,1.0
2,158,1.0
2,159,1.0
2,160,1.0
2,161,1.0
2,162,1.0
2,163,1.0
2,164,1.0
2,165,1.0
2,166,1.0
2,167,1.0
2,168,1.0
2,169,1.0
2,170,1.0
2,171,1.0
2,172,1.0
2,173,1.0
2,174,1.0
2,175,1.0
2,176,1.0
2,177,1.0
2,178,1.0
2,179,1.0
2,180,1.0
2,181,1.0
2,182,1.0
2,183,1.0
2,184,1.0
2,185,1.0
2,186,1.0
2,187,1.0
2,188,1.0
2,189,1.0
2,190,1.0
2,191,1.0
2,192,1.0
2,193,1.0
2,194,1.0
2,195,1.0
2,196,1.0
2,197,1.0
2,198,1.0
2,199,1.0
2,200,1.0
2,201,1.0
2,202,1.0
2,203,1.0
2,204,1.0
2,205,1.0
2,206,1.0
2,207,1.0
2,208,1.0
2,209,1.0
2,210,1.0
2,211,1.0
2,212,0.984375
2,213,1.0
2,214,1.0
2,215,1.0
2,216,1.0
2,217,1.0
2,218,1.0
2,219,1.0
2,220,1.0
3,1,1.0
3,2,1.0
3,3,1.0
3,4,1.0
3,5,1.0
3,6,1.0
3,7,1.0
3,8,1.0
3,9,1.0
3,10,1.0
3,11,1.0
3,12,1.0
3,13,1.0
3,14,1.0
3,15,1.0
3,16,1.0
3,17,1.0
3,18,1.0
3,19,1.0
3,20,1.0
3,21,1.0
3,22,1.0
3,23,1.0
3,24,1.0
3,25,1.0
3,26,1.0
3,27,1.0
3,28,1.0
3,29,1.0
3,30,1.0
3,31,1.0
3,32,1.0
3,33,1.0
3,34,1.0
3,35,1.0
3,36,1.0
3,37,1.0
3,38,1.0
3,39,1.0
3,40,1.0
3,41,1.0
3,42,1.0
3,43,1.0
3,44,1.0
3,45,0.984375
3,46,1.0
3,47,1.0
3,48,1.0
3,49,1.0
3,50,1.0
3,51,1.0
3,52,1.0
3,53,1.0
3,54,1.0
3,55,1.0
3,56,1.0
3,57,1.0
3,58,1.0
3,59,1.0
3,60,1.0
3,61,1.0
3,62,1.0
3,63,1.0
3,64,1.0
3,65,1.0
3,66,1.0
3,67,1.0
3,68,1.0
3,69,1.0
3,70,1.0
3,71,1.0
3,72,1.0
3,73,1.0
3,74,1.0
3,75,1.0
3,76,1.0
3,77,1.0
3,78,1.0
3,79,1.0
3,80,1.0
3,81,1.0
3,82,1.0
3,83,1.0
3,84,1.0
3,85,0.984375
3,86,1.0
3,87,0.984375
3,88,1.0
3,89,1.0
3,90,1.0
3,91,1.0
3,92,1.0
3,93,1.0
3,94,1.0
3,95,1.0
3,96,1.0
3,97,1.0
3,98,1.0
3,99,1.0
3,100,1.0
3,101,1.0
3,102,1.0
3,103,1.0
3,104,1.0
3,105,1.0
3,106,1.0
3,107,1.0
3,108,1.0
3,109,1.0
3,110,1.0
3,111,1.0
3,112,1.0
3,113,1.0
3,114,1.0
3,115,1.0
3,116,1.0
3,117,1.0
3,118,1.0
3,119,1.0
3,120,1.0
3,121,1.0
3,122,1.0
3,123,1.0
3,124,1.0
3,125,1.0
3,126,1.0
3,127,1.0
3,128,1.0
3,129,1.0
3,130,1.0
3,131,1.0
3,132,1.0
3,133,1.0
3,134,1.0
3,135,1.0
3,136,1.0
3,137,1.0
3,138,1.0
3,139,1.0
3,140,1.0
3,141,1.0
3,142,1.0
3,143,1.0
3,144,1.0
3,145,1.0
3,146,1.0
3,147,1.0
3,148,1.0
3,149,1.0
3,150,1.0
3,151,1.0
3,152,1.0
3,153,1.0
3,154,1.0
3,155,1.0
3,156,1.0
3,157,1.0
3,158,1.0
3,159,1.0
3,160,1.0
3,161,1.0
3,162,1.0
3,163,1.0
3,164,1.0
3,165,0.96875
3,166,1.0
3,167,1.0
3,168,1.0
3,169,1.0
3,170,1.0
3,171,1.0
3,172,1.0
3,173,1.0
3,174,1.0
3,175,1.0
3,176,1.0
3,177,1.0
3,178,1.0
3,179,1.0
3,180,1.0
3,181,0.984375
3,182,0.984375
3,183,1.0
3,184,1.0
3,185,1.0
3,186,1.0
3,187,1.0
3,188,1.0
3,189,1.0
3,190,1.0
3,191,1.0
3,192,1.0
3,193,1.0
3,194,1.0
3,195,1.0
3,196,1.0
3,197,1.0
3,198,1.0
3,199,1.0
3,200,1.0
3,201,1.0
3,202,1.0
3,203,1.0
3,204,1.0
3,205,1.0
3,206,1.0
3,207,1.0
3,208,1.0
3,209,0.984375
3,210,1.0
3,211,1.0
3,212,1.0
3,213,1.0
3,214,1.0
3,215,1.0
3,216,1.0
3,217,1.0
3,218,1.0
3,219,1.0
3,220,0.984375
4,1,1.0
4,2,0.984375
4,3,1.0
4,4,0.984375
4,5,1.0
4,6,1.0
4,7,1.0
4,8,1.0
4,9,1.0
4,10,1.0
4,11,1.0
4,12,1.0
4,13,1.0
4,14,1.0
4,15,1.0
4,16,1.0
4,17,1.0
4,18,1.0
4,19,1.0
4,20,1.0
4,21,1.0
4,22,1.0
4,23,1.0
4,24,1.0
4,25,1.0
4,26,1.0
4,27,1.0
4,28,1.0
4,29,1.0
4,30,1.0
4,31,1.0
4,32,1.0
4,33,1.0
4,34,1.0
4,35,1.0
4,36,1.0
4,37,1.0
4,38,1.0
4,39,1.0
4,40,1.0
4,41,1.0
4,42,1.0
4,43,1.0
4,44,1.0
4,45,1.0
4,46,1.0
4,47,1.0
4,48,1.0
4,49,1.0
4,50,1.0
4,51,1.0
4,52,1.0
4,53,0.984375
4,54,1.0
4,55,1.0
4,56,1.0
4,57,1.0
4,58,1.0
4,59,1.0
4,60,1.0
4,61,1.0
4,62,0.984375
4,63,0.984375
4,64,1.0
4,65,1.0
4,66,1.0
4,67,1.0
4,68,1.0
4,69,1.0
4,70,1.0
4,71,1.0
4,72,1.0
4,73,1.0
4,74,1.0
4,75,1.0
4,76,1.0
4,77,1.0
4,78,1.0
4,79,1.0
4,80,1.0
4,81,1.0
4,82,1.0
4,83,1.0
4,84,1.0
4,85,1.0
4,86,1.0
4,87,1.0
4,88,1.0
4,89,1.0
4,90,1.0
4,91,1.0
4,92,1.0
4,93,1.0
4,94,1.0
4,95,1.0
4,96,1.0
4,97,1.0
4,98,1.0
4,99,1.0
4,100,1.0
4,101,1.0
4,102,1.0
4,103,1.0
4,104,1.0
4,105,1.0
4,106,1.0
4,107,1.0
4,108,1.0
4,109,0.984375
4,110,1.0
4,111,1.0
4,112,1.0
4,113,1.0
4,114,1.0
4,115,1.0
4,116,1.0
4,117,1.0
4,118,1.0
4,119,1.0
4,120,1.0
4,121,1.0
4,122,1.0
4,123,1.0
4,124,1.0
4,125,1.0
4,126,1.0
4,127,1.0
4,128,1.0
4,129,1.0
4,130,1.0
4,131,1.0
4,132,1.0
4,133,1.0
4,134,1.0
4,135,1.0
4,136,1.0
4,137,1.0
4,138,1.0
4,139,1.0
4,140,1.0
4,141,1.0
4,142,1.0
4,143,1.0
4,144,1.0
4,145,1.0
4,146,0.984375
4,147,1.0
4,148,1.0
4,149,1.0
4,150,1.0
4,151,1.0
4,152,1.0
4,153,1.0
4,154,1.0
4,155,1.0
4,156,1.0
4,157,1.0
4,158,1.0
4,159,1.0
4,160,1.0
4,161,1.0
4,162,1.0
4,163,1.0
4,164,1.0
4,165,1.0
4,166,1.0
4,167,1.0
4,168,1.0
4,169,1.0
4,170,1.0
4,171,1.0
4,172,1.0
4,173,0.984375
4,174,1.0
4,175,1.0
4,176,1.0
4,177,1.0
4,178,1.0
4,179,1.0
4,180,1.0
4,181,1.0
4,182,1.0
4,183,1.0
4,184,1.0
4,185,1.0
4,186,1.0
4,187,1.0
4,188,1.0
4,189,1.0
4,190,1.0
4,191,1.0
4,192,1.0
4,193,1.0
4,194,1.0
4,195,1.0
4,196,1.0
4,197,1.0
4,198,1.0
4,199,1.0
4,200,1.0
4,201,1.0
4,202,0.984375
4,203,1.0
4,204,1.0
4,205,1.0
4,206,1.0
4,207,1.0
4,208,1.0
4,209,1.0
4,210,1.0
4,211,1.0
4,212,1.0
4,213,1.0
4,214,0.984375
4,215,1.0
4,216,1.0
4,217,1.0
4,218,1.0
4,219,1.0
4,220,1.0
5,1,1.0
5,2,1.0
5,3,1.0
5,4,1.0
5,5,1.0
5,6,1.0
5,7,1.0
5,8,1.0
5,9,0.984375
5,10,1.0
5,11,1.0
5,12,1.0
5,13,1.0
5,14,1.0
5,15,1.0
5,16,1.0
5,17,0.984375
5,18,0.984375
5,19,1.0
5,20,1.0
5,21,1.0
5,22,1.0
5,23,0.984375
5,24,1.0
5,25,1.0
5,26,1.0
5,27,1.0
5,28,1.0
5,29,1.0
5,30,1.0
5,31,1.0
5,32,1.0
5,33,1.0
5,34,1.0
5,35,1.0
5,36,1.0
5,37,1.0
5,38,1.0
5,39,1.0
5,40,1.0
5,41,1.0
5,42,1.0
5,43,1.0
5,44,1.0
5,45,1.0
5,46,1.0
5,47,1.0
5,48,1.0
5,49,0.984375
5,50,1.0
5,51,1.0
5,52,1.0
5,53,1.0
5,54,1.0
5,55,1.0
5,56,1.0
5,57,1.0
5,58,1.0
5,59,1.0
5,60,1.0
5,61,1.0
5,62,1.0
5,63,1.0
5,64,1.0
5,65,1.0
5,66,1.0
5,67,1.0
5,68,1.0
5,69,1.0
5,70,1.0
5,71,1.0
5,72,1.0
5,73,1.0
5,74,1.0
5,75,1.0
5,76,1.0
5,77,1.0
5,78,1.0
5,79,1.0
5,80,1.0
5,81,1.0
5,82,1.0
5,83,1.0
5,84,0.984375
5,85,1.0
5,86,1.0
5,87,1.0
5,88,1.0
5,89,1.0
5,90,1.0
5,91,1.0
5,92,1.0
5,93,1.0
5,94,1.0
5,95,1.0
5,96,1.0
5,97,1.0
5,98,1.0
5,99,1.0
5,100,1.0
5,101,1.0
5,102,1.0
5,103,1.0
5,104,1.0
5,105,1.0
5,106,1.0
5,107,0.984375
5,108,1.0
5,109,1.0
5,110,1.0
5,111,1.0
5,112,1.0
5,113,1.0
5,114,1.0
5,115,1.0
5,116,1.0
5,117,1.0
5,118,1.0
5,119,1.0
5,120,1.0
5,121,1.0
5,122,1.0
5,123,1.0
5,124,1.0
5,125,1.0
5,126,0.984375
5,127,1.0
5,128,1.0
5,129,1.0
5,130,1.0
5,131,1.0
5,132,1.0
5,133,1.0
5,134,1.0
5,135,1.0
5,136,1.0
5,137,1.0
5,138,1.0
5,139,1.0
5,140,1.0
5,141,1.0
5,142,1.0
5,143,1.0
5,144,1.0
5,145,1.0
5,146,1.0
5,147,1.0
5,148,0.984375
5,149,1.0
5,150,1.0
5,151,1.0
5,152,1.0
5,153,1.0
5,154,1.0
5,155,1.0
5,156,1.0
5,157,1.0
5,158,1.0
5,159,1.0
5,160,1.0
5,161,1.0
5,162,1.0
5,163,1.0
5,164,1.0
5,165,1.0
5,166,1.0
5,167,1.0
5,168,1.0
5,169,1.0
5,170,1.0
5,171,1.0
5,172,1.0
5,173,0.984375
5,174,1.0
5,175,1.0
5,176,1.0
5,177,1.0
5,178,1.0
5,179,1.0
5,180,1.0
5,181,1.0
5,182,1.0
5,183,1.0
5,184,1.0
5,185,1.0
5,186,1.0
5,187,1.0
5,188,1.0
5,189,1.0
5,190,1.0
5,191,1.0
5,192,1.0
5,193,1.0
5,194,1.0
5,195,1.0
5,196,1.0
5,197,1.0
5,198,1.0
5,199,1.0
5,200,1.0
5,201,1.0
5,202,1.0
5,203,1.0
5,204,1.0
5,205,1.0
5,206,1.0
5,207,1.0
5,208,1.0
5,209,1.0
5,210,0.984375
5,211,1.0
5,212,1.0
5,213,1.0
5,214,1.0
5,215,1.0
5,216,1.0
5,217,1.0
5,218,1.0
5,219,1.0
5,220,1.0
6,1,1.0
6,2,1.0
6,3,1.0
6,4,1.0
6,5,1.0
6,6,1.0
6,7,1.0
6,8,1.0
6,9,1.0
6,10,1.0
6,11,1.0
6,12,1.0
6,13,1.0
6,14,1.0
6,15,0.984375
6,16,1.0
6,17,1.0
6,18,1.0
6,19,1.0
6,20,1.0
6,21,1.0
6,22,1.0
6,23,1.0
6,24,1.0
6,25,1.0
6,26,1.0
6,27,1.0
6,28,1.0
6,29,1.0
6,30,1.0
6,31,1.0
6,32,1.0
6,33,1.0
6,34,1.0
6,35,1.0
6,36,1.0
6,37,1.0
6,38,1.0
6,39,1.0
6,40,1.0
6,41,1.0
6,42,1.0
6,43,1.0
6,44,1.0
6,45,1.0
6,46,1.0
6,47,1.0
6,48,1.0
6,49,1.0
6,50,1.0
6,51,1.0
6,52,1.0
6,53,1.0
6,54,1.0
6,55,1.0
6,56,1.0
6,57,1.0
6,58,0.984375
6,59,1.0
6,60,1.0
6,61,1.0
6,62,1.0
6,63,1.0
6,64,1.0
6,65,1.0
6,66,1.0
6,67,1.0
6,68,1.0
6,69,1.0
6,70,1.0
6,71,1.0
6,72,1.0
6,73,1.0
6,74,1.0
6,75,1.0
6,76,1.0
6,77,1.0
6,78,1.0
6,79,1.0
6,80,0.984375
6,81,1.0
6,82,1.0
6,83,1.0
6,84,1.0
6,85,1.0
6,86,1.0
6,87,1.0
6,88,1.0
6,89,1.0
6,90,1.0
6,91,0.984375
6,92,1.0
6,93,1.0
6,94,1.0
6,95,1.0
6,96,1.0
6,97,1.0
6,98,1.0
6,99,1.0
6,100,1.0
6,101,1.0
6,102,1.0
6,103,1.0
6,104,1.0
6,105,1.0
6,106,1.0
6,107,1.0
6,108,1.0
6,109,1.0
6,110,1.0
6,111,1.0
6,112,1.0
6,113,1.0
6,114,1.0
6,115,1.0
6,116,1.0
6,117,1.0
6,118,1.0
6,119,1.0
6,120,1.0
6,121,1.0
6,122,1.0
6,123,1.0
6,124,1.0
6,125,1.0
6,126,1.0
6,127,1.0
6,128,1.0
6,129,1.0
6,130,1.0
6,131,1.0
6,132,1.0
6,133,1.0
6,134,1.0
6,135,1.0
6,136,1.0
6,137,1.0
6,138,1.0
6,139,1.0
6,140,1.0
6,141,1.0
6,142,1.0
6,143,1.0
6,144,1.0
6,145,1.0
6,146,1.0
6,147,1.0
6,148,1.0
6,149,1.0
6,150,1.0
6,151,1.0
6,152,1.0
6,153,1.0
6,154,1.0
6,155,1.0
6,156,1.0
6,157,1.0
6,158,1.0
6,159,1.0
6,160,1.0
6,161,1.0
6,162,0.984375
6,163,1.0
6,164,1.0
6,165,1.0
6,166,1.0
6,167,1.0
6,168,1.0
6,169,1.0
6,170,1.0
6,171,1.0
6,172,1.0
6,173,1.0
6,174,1.0
6,175,1.0
6,176,1.0
6,177,1.0
6,178,1.0
6,179,1.0
6,180,1.0
6,181,1.0
6,182,1.0
6,183,1.0
6,184,1.0
6,185,1.0
6,186,0.984375
6,187,1.0
6,188,1.0
6,189,1.0
6,190,1.0
6,191,1.0
6,192,1.0
6,193,1.0
6,194,1.0
6,195,1.0
6,196,1.0
6,197,1.0
6,198,1.0
6,199,1.0
6,200,1.0
6,201,1.0
6,202,1.0
6,203,1.0
6,204,1.0
6,205,1.0
6,206,1.0
6,207,1.0
6,208,1.0
6,209,1.0
6,210,1.0
6,211,1.0
6,212,1.0
6,213,1.0
6,214,1.0
6,215,0.984375
6,216,1.0
6,217,1.0
6,218,1.0
6,219,1.0
6,220,1.0
7,1,1.0
7,2,1.0
7,3,1.0
7,4,1.0
7,5,1.0
7,6,1.0
7,7,1.0
7,8,1.0
7,9,1.0
7,10,1.0
7,11,1.0
7,12,1.0
7,13,1.0
7,14,1.0
7,15,1.0
7,16,1.0
7,17,1.0
7,18,1.0
7,19,1.0
7,20,1.0
7,21,1.0
7,22,1.0
7,23,1.0
7,24,1.0
7,25,1.0
7,26,1.0
7,27,1.0
7,28,1.0
7,29,0.984375
7,30,1.0
7,31,1.0
7,32,1.0
7,33,1.0
7,34,1.0
7,35,1.0
7,36,1.0
7,37,1.0
7,38,1.0
7,39,1.0
7,40,1.0
7,41,1.0
7,42,1.0
7,43,1.0
7,44,1.0
7,45,1.0
7,46,1.0
7,47,1.0
7,48,1.0
7,49,1.0
7,50,1.0
7,51,1.0
7,52,1.0
7,53,1.0
7,54,1.0
7,55,1.0
7,56,1.0
7,57,1.0
7,58,1.0
7,59,1.0
7,60,1.0
7,61,1.0
7,62,1.0
7,63,1.0
7,64,1.0
7,65,1.0
7,66,1.0
7,67,1.0
7,68,1.0
7,69,1.0
7,70,1.0
7,71,1.0
7,72,1.0
7,73,1.0
7,74,1.0
7,75,1.0
7,76,1.0
7,77,1.0
7,78,1.0
7,79,1.0
7,80,1.0
7,81,0.984375
7,82,1.0
7,83,1.0
7,84,1.0
7,85,1.0
7,86,1.0
7,87,1.0
7,88,1.0
7,89,1.0
7,90,1.0
7,91,1.0
7,92,1.0
7,93,1.0
7,94,1.0
7,95,1.0
7,96,1.0
7,97,1.0
7,98,1.0
7,99,1.0
7,100,1.0
7,101,1.0
7,102,1.0
7,103,1.0
7,104,1.0
7,105,1.0
7,106,1.0
7,107,1.0
7,108,1.0
7,109,1.0
7,110,1.0
7,111,0.984375
7,112,1.0
7,113,1.0
7,114,1.0
7,115,1.0
7,116,1.0
7,117,1.0
7,118,0.984375
7,119,1.0
7,120,1.0
7,121,1.0
7,122,1.0
7,123,1.0
7,124,1.0
7,125,1.0
7,126,1.0
7,127,1.0
7,128,1.0
7,129,1.0
7,130,1.0
7,131,1.0
7,132,1.0
7,133,1.0
7,134,1.0
7,135,1.0
7,136,1.0
7,137,1.0
7,138,0.984375
7,139,1.0
7,140,1.0
7,141,1.0
7,142,1.0
7,143,1.0
7,144,1.0
7,145,1.0
7,146,1.0
7,147,1.0
7,148,1.0
7,149,0.984375
7,150,1.0
7,151,1.0
7,152,1.0
7,153,1.0
7,154,1.0
7,155,1.0
7,156,1.0
7,157,1.0
7,158,1.0
7,159,1.0
7,160,1.0
7,161,1.0
7,162,1.0
7,163,1.0
7,164,1.0
7,165,1.0
7,166,1.0
7,167,1.0
7,168,1.0
7,169,1.0
7,170,1.0
7,171,1.0
7,172,1.0
7,173,1.0
7,174,1.0
7,175,1.0
7,176,1.0
7,177,1.0
7,178,1.0
7,179,1.0
7,180,1.0
7,181,1.0
7,182,1.0
7,183,1.0
7,184,1.0
7,185,1.0
7,186,1.0
7,187,1.0
7,188,1.0
7,189,1.0
7,190,1.0
7,191,1.0
7,192,1.0
7,193,1.0
7,194,1.0
7,195,1.0
7,196,1.0
7,197,1.0
7,198,1.0
7,199,1.0
7,200,1.0
7,201,1.0
7,202,1.0
7,203,1.0
7,204,1.0
7,205,1.0
7,206,0.984375
7,207,1.0
7,208,1.0
7,209,1.0
7,210,1.0
7,211,1.0
7,212,1.0
7,213,1.0
7,214,1.0
7,215,1.0
7,216,1.0
7,217,1.0
7,218,1.0
7,219,1.0
7,220,1.0
8,1,1.0
8,2,1.0
8,3,1.0
8,4,1.0
8,5,1.0
8,6,1.0
8,7,1.0
8,8,1.0
8,9,1.0
8,10,1.0
8,11,1.0
8,12,1.0
8,13,1.0
8,14,1.0
8,15,1.0
8,16,1.0
8,17,1.0
8,18,1.0
8,19,1.0
8,20,1.0
8,21,1.0
8,22,1.0
8,23,1.0
8,24,1.0
8,25,1.0
8,26,1.0
8,27,1.0
8,28,1.0
8,29,1.0
8,30,1.0
8,31,1.0
8,32,1.0
8,33,0.984375
8,34,1.0
8,35,1.0
8,36,1.0
8,37,1.0
8,38,1.0
8,39,1.0
8,40,1.0
8,41,1.0
8,42,1.0
8,43,1.0
8,44,1.0
8,45,1.0
8,46,1.0
8,47,1.0
8,48,1.0
8,49,1.0
8,50,1.0
8,51,1.0
8,52,1.0
8,53,0.984375
8,54,1.0
8,55,1.0
8,56,1.0
8,57,1.0
8,58,1.0
8,59,1.0
8,60,1.0
8,61,1.0
8,62,1.0
8,63,1.0
8,64,1.0
8,65,1.0
8,66,1.0
8,67,1.0
8,68,1.0
8,69,1.0
8,70,1.0
8,71,1.0
8,72,1.0
8,73,1.0
8,74,1.0
8,75,1.0
8,76,1.0
8,77,1.0
8,78,1.0
8,79,1.0
8,80,1.0
8,81,1.0
8,82,1.0
8,83,1.0
8,84,1.0
8,85,1.0
8,86,1.0
8,87,1.0
8,88,1.0
8,89,1.0
8,90,1.0
8,91,1.0
8,92,1.0
8,93,1.0
8,94,1.0
8,95,1.0
8,96,1.0
8,97,1.0
8,98,1.0
8,99,1.0
8,100,1.0
8,101,1.0
8,102,1.0
8,103,1.0
8,104,1.0
8,105,1.0
8,106,1.0
8,107,1.0
8,108,1.0
8,109,1.0
8,110,1.0
8,111,1.0
8,112,1.0
8,113,1.0
8,114,1.0
8,115,1.0
8,116,1.0
8,117,1.0
8,118,0.984375
8,119,1.0
8,120,1.0
8,121,1.0
8,122,1.0
8,123,1.0
8,124,1.0
8,125,1.0
8,126,1.0
8,127,0.984375
8,128,1.0
8,129,1.0
8,130,1.0
8,131,1.0
8,132,0.984375
8,133,1.0
8,134,1.0
8,135,0.984375
8,136,1.0
8,137,1.0
8,138,1.0
8,139,1.0
8,140,1.0
8,141,1.0
8,142,1.0
8,143,1.0
8,144,1.0
8,145,1.0
8,146,1.0
8,147,1.0
8,148,1.0
8,149,1.0
8,150,1.0
8,151,1.0
8,152,1.0
8,153,1.0
8,154,1.0
8,155,1.0
8,156,1.0
8,157,1.0
8,158,1.0
8,159,1.0
8,160,1.0
8,161,1.0
8,162,1.0
8,163,1.0
8,164,1.0
8,165,1.0
8,166,1.0
8,167,1.0
8,168,1.0
8,169,1.0
8,170,1.0
8,171,1.0
8,172,1.0
8,173,1.0
8,174,1.0
8,175,1.0
8,176,1.0
8,177,1.0
8,178,1.0
8,179,1.0
8,180,1.0
8,181,1.0
8,182,1.0
8,183,1.0
8,184,1.0
8,185,1.0
8,186,1.0
8,187,1.0
8,188,1.0
8,189,1.0
8,190,1.0
8,191,1.0
8,192,1.0
8,193,1.0
8,194,1.0
8,195,0.984375
8,196,1.0
8,197,1.0
8,198,1.0
8,199,1.0
8,200,1.0
8,201,1.0
8,202,1.0
8,203,1.0
8,204,1.0
8,205,1.0
8,206,1.0
8,207,1.0
8,208,1.0
8,209,1.0
8,210,1.0
8,211,1.0
8,212,1.0
8,213,1.0
8,214,1.0
8,215,1.0
8,216,1.0
8,217,1.0
8,218,1.0
8,219,1.0
8,220,1.0
9,1,1.0
9,2,1.0
9,3,1.0
9,4,1.0
9,5,1.0
9,6,1.0
9,7,1.0
9,8,1.0
9,9,1.0
9,10,1.0
9,11,1.0
9,12,1.0
9,13,1.0
9,14,1.0
9,15,1.0
9,16,1.0
9,17,1.0
9,18,1.0
9,19,1.0
9,20,1.0
9,21,1.0
9,22,0.984375
9,23,1.0
9,24,1.0
9,25,0.984375
9,26,1.0
9,27,1.0
9,28,1.0
9,29,1.0
9,30,1.0
9,31,0.984375
9,32,1.0
9,33,1.0
9,34,1.0
9,35,1.0
9,36,1.0
9,37,1.0
9,38,1.0
9,39,1.0
9,40,1.0
9,41,1.0
9,42,1.0
9,43,1.0
9,44,1.0
9,45,1.0
9,46,1.0
9,47,1.0
9,48,1.0
9,49,1.0
9,50,1.0
9,51,1.0
9,52,1.0
9,53,1.0
9,54,1.0
9,55,1.0
9,56,1.0
9,57,1.0
9,58,1.0
9,59,1.0
9,60,1.0
9,61,1.0
9,62,1.0
9,63,1.0
9,64,1.0
9,65,1.0
9,66,1.0
9,67,1.0
9,68,1.0
9,69,1.0
9,70,1.0
9,71,1.0
9,72,1.0
9,73,1.0
9,74,1.0
9,75,1.0
9,76,1.0
9,77,1.0
9,78,1.0
9,79,0.984375
9,80,1.0
9,81,1.0
9,82,1.0
9,83,1.0
9,84,0.984375
9,85,1.0
9,86,1.0
9,87,1.0
9,88,1.0
9,89,1.0
9,90,1.0
9,91,1.0
9,92,1.0
9,93,1.0
9,94,1.0
9,95,1.0
9,96,1.0
9,97,1.0
9,98,1.0
9,99,1.0
9,100,1.0
9,101,0.984375
9,102,1.0
9,103,1.0
9,104,1.0
9,105,1.0
9,106,1.0
9,107,1.0
9,108,1.0
9,109,1.0
9,110,1.0
9,111,1.0
9,112,1.0
9,113,1.0
9,114,1.0
9,115,1.0
9,116,1.0
9,117,1.0
9,118,1.0
9,119,1.0
9,120,1.0
9,121,1.0
9,122,1.0
9,123,1.0
9,124,1.0
9,125,1.0
9,126,1.0
9,127,1.0
9,128,1.0
9,129,1.0
9,130,1.0
9,131,1.0
9,132,1.0
9,133,1.0
9,134,1.0
9,135,1.0
9,136,1.0
9,137,1.0
9,138,1.0
9,139,1.0
9,140,1.0
9,141,1.0
9,142,1.0
9,143,1.0
9,144,1.0
9,145,1.0
9,146,1.0
9,147,1.0
9,148,1.0
9,149,1.0
9,150,1.0
9,151,1.0
9,152,1.0
9,153,1.0
9,154,1.0
9,155,1.0
9,156,1.0
9,157,1.0
9,158,1.0
9,159,1.0
9,160,1.0
9,161,1.0
9,162,1.0
9,163,1.0
9,164,1.0
9,165,1.0
9,166,1.0
9,167,1.0
9,168,1.0
9,169,1.0
9,170,1.0
9,171,1.0
9,172,1.0
9,173,1.0
9,174,1.0
9,175,1.0
9,176,1.0
9,177,1.0
9,178,1.0
9,179,1.0
9,180,1.0
9,181,1.0
9,182,1.0
9,183,1.0
9,184,1.0
9,185,1.0
9,186,1.0
9,187,1.0
9,188,1.0
9,189,1.0
9,190,1.0
9,191,1.0
9,192,1.0
9,193,1.0
9,194,1.0
9,195,1.0
9,196,1.0
9,197,1.0
9,198,1.0
9,199,1.0
9,200,1.0
9,201,1.0
9,202,1.0
9,203,1.0
9,204,1.0
9,205,1.0
9,206,1.0
9,207,1.0
9,208,1.0
9,209,1.0
9,210,1.0
9,211,1.0
9,212,1.0
9,213,1.0
9,214,1.0
9,215,1.0
9,216,1.0
9,217,1.0
9,218,1.0
9,219,1.0
9,220,1.0
10,1,1.0
10,2,1.0
10,3,1.0
10,4,1.0
10,5,1.0
10,6,1.0
10,7,1.0
10,8,1.0
10,9,1.0
10,10,1.0
10,11,1.0
10,12,1.0
10,13,1.0
10,14,1.0
10,15,1.0
10,16,1.0
10,17,1.0
10,18,1.0
10,19,1.0
10,20,1.0
10,21,1.0
10,22,1.0
10,23,1.0
10,24,1.0
10,25,1.0
10,26,1.0
10,27,1.0
10,28,1.0
10,29,1.0
10,30,1.0
10,31,1.0
10,32,1.0
10,33,1.0
10,34,1.0
10,35,1.0
10,36,1.0
10,37,1.0
10,38,1.0
10,39,1.0
10,40,1.0
10,41,1.0
10,42,1.0
10,43,1.0
10,44,1.0
10,45,1.0
10,46,1.0
10,47,1.0
10,48,1.0
10,49,0.984375
10,50,1.0
10,51,1.0
10,52,1.0
10,53,1.0
10,54,1.0
10,55,1.0
10,56,1.0
10,57,1.0
10,58,1.0
10,59,1.0
10,60,1.0
10,61,1.0
10,62,1.0
10,63,1.0
10,64,1.0
10,65,1.0
10,66,1.0
10,67,1.0
10,68,1.0
10,69,1.0
10,70,1.0
10,71,1.0
10,72,1.0
10,73,1.0
10,74,1.0
10,75,1.0
10,76,1.0
10,77,1.0
10,78,1.0
10,79,1.0
10,80,1.0
10,81,1.0
10,82,1.0
10,83,1.0
10,84,1.0
10,85,1.0
10,86,1.0
10,87,1.0
10,88,1.0
10,89,1.0
10,90,1.0
10,91,1.0
10,92,1.0
10,93,1.0
10,94,0.984375
10,95,1.0
10,96,1.0
10,97,1.0
10,98,1.0
10,99,1.0
10,100,1.0
10,101,1.0
10,102,1.0
10,103,1.0
10,104,1.0
10,105,1.0
10,106,1.0
10,107,1.0
10,108,1.0
10,109,1.0
10,110,1.0
10,111,1.0
10,112,1.0
10,113,1.0
10,114,1.0
10,115,1.0
10,116,1.0
10,117,1.0
10,118,1.0
10,119,1.0
10,120,1.0
10,121,1.0
10,122,1.0
10,123,1.0
10,124,1.0
10,125,1.0
10,126,1.0
10,127,1.0
10,128,1.0
10,129,1.0
10,130,1.0
10,131,1.0
10,132,1.0
10,133,1.0
10,134,1.0
10,135,1.0
10,136,1.0
10,137,0.984375
10,138,0.984375
10,139,1.0
10,140,1.0
10,141,1.0
10,142,1.0
10,143,1.0
10,144,1.0
10,145,1.0
10,146,1.0
10,147,1.0
10,148,1.0
10,149,1.0
10,150,1.0
10,151,1.0
10,152,1.0
10,153,1.0
10,154,1.0
10,155,1.0
10,156,1.0
10,157,1.0
10,158,1.0
10,159,1.0
10,160,1.0
10,161,1.0
10,162,1.0
10,163,1.0
10,164,1.0
10,165,1.0
10,166,1.0
10,167,1.0
10,168,1.0
10,169,1.0
10,170,1.0
10,171,1.0
10,172,1.0
10,173,1.0
10,174,1.0
10,175,1.0
10,176,1.0
10,177,1.0
10,178,1.0
10,179,1.0
10,180,1.0
10,181,1.0
10,182,1.0
10,183,1.0
10,184,1.0
10,185,1.0
10,186,1.0
10,187,1.0
10,188,1.0
10,189,1.0
10,190,1.0
10,191,1.0
10,192,1.0
10,193,1.0
10,194,1.0
10,195,1.0
10,196,1.0
10,197,1.0
10,198,1.0
10,199,1.0
10,200,1.0
10,201,1.0
10,202,1.0
10,203,1.0
10,204,1.0
10,205,1.0
10,206,1.0
10,207,1.0
10,208,1.0
10,209,1.0
10,210,1.0
10,211,1.0
10,212,1.0
10,213,1.0
10,214,1.0
10,215,1.0
10,216,1.0
10,217,1.0
10,218,1.0
10,219,1.0
10,220,1.0
11,1,1.0
11,2,1.0
11,3,1.0
11,4,1.0
11,5,1.0
11,6,1.0
11,7,1.0
11,8,1.0
11,9,1.0
11,10,1.0
11,11,1.0
11,12,1.0
11,13,1.0
11,14,1.0
11,15,1.0
11,16,1.0
11,17,1.0
11,18,1.0
11,19,1.0
11,20,1.0
11,21,1.0
11,22,1.0
11,23,1.0
11,24,1.0
11,25,1.0
11,26,0.984375
11,27,1.0
11,28,1.0
11,29,1.0
11,30,1.0
11,31,1.0
11,32,1.0
11,33,1.0
11,34,1.0
11,35,1.0
11,36,1.0
11,37,1.0
11,38,1.0
11,39,1.0
11,40,1.0
11,41,1.0
11,42,1.0
11,43,1.0
11,44,1.0
11,45,1.0
11,46,1.0
11,47,1.0
11,48,1.0
11,49,1.0
11,50,1.0
11,51,1.0
11,52,1.0
11,53,1.0
11,54,1.0
11,55,1.0
11,56,1.0
11,57,1.0
11,58,1.0
11,59,1.0
11,60,1.0
11,61,1.0
11,62,1.0
11,63,1.0
11,64,1.0
11,65,1.0
11,66,1.0
11,67,1.0
11,68,1.0
11,69,1.0
11,70,1.0
11,71,1.0
11,72,1.0
11,73,1.0
11,74,1.0
11,75,1.0
11,76,1.0
11,77,1.0
11,78,1.0
11,79,1.0
11,80,1.0
11,81,1.0
11,82,1.0
11,83,1.0
11,84,1.0
11,85,1.0
11,86,1.0
11,87,1.0
11,88,1.0
11,89,1.0
11,90,1.0
11,91,1.0
11,92,1.0
11,93,1.0
11,94,1.0
11,95,1.0
11,96,1.0
11,97,1.0
11,98,1.0
11,99,1.0
11,100,1.0
11,101,1.0
11,102,1.0
11,103,1.0
11,104,1.0
11,105,1.0
11,106,1.0
11,107,1.0
11,108,1.0
11,109,1.0
11,110,1.0
11,111,1.0
11,112,1.0
11,113,1.0
11,114,1.0
11,115,1.0
11,116,1.0
11,117,1.0
11,118,1.0
11,119,1.0
11,120,1.0
11,121,1.0
11,122,1.0
11,123,1.0
11,124,1.0
11,125,1.0
11,126,1.0
11,127,1.0
11,128,1.0
11,129,1.0
11,130,1.0
11,131,1.0
11,132,1.0
11,133,1.0
11,134,1.0
11,135,1.0
11,136,1.0
11,137,1.0
11,138,1.0
11,139,1.0
11,140,1.0
11,141,1.0
11,142,1.0
11,143,1.0
11,144,1.0
11,145,1.0
11,146,1.0
11,147,1.0
11,148,1.0
11,149,1.0
11,150,1.0
11,151,1.0
11,152,1.0
11,153,1.0
11,154,1.0
11,155,1.0
11,156,1.0
11,157,1.0
11,158,1.0
11,159,1.0
11,160,1.0
11,161,1.0
11,162,1.0
11,163,1.0
11,164,1.0
11,165,1.0
11,166,1.0
11,167,1.0
11,168,1.0
11,169,1.0
11,170,1.0
11,171,1.0
11,172,1.0
11,173,1.0
11,174,1.0
11,175,1.0
11,176,1.0
11,177,1.0
11,178,0.984375
11,179,1.0
11,180,1.0
11,181,1.0
11,182,1.0
11,183,1.0
11,184,1.0
11,185,1.0
11,186,1.0
11,187,1.0
11,188,1.0
11,189,1.0
11,190,1.0
11,191,1.0
11,192,1.0
11,193,1.0
11,194,1.0
11,195,1.0
11,196,1.0
11,197,1.0
11,198,1.0
11,199,1.0
11,200,1.0
11,201,1.0
11,202,1.0
11,203,1.0
11,204,1.0
11,205,1.0
11,206,1.0
11,207,1.0
11,208,1.0
11,209,1.0
11,210,1.0
11,211,1.0
11,212,1.0
11,213,1.0
11,214,1.0
11,215,1.0
11,216,1.0
11,217,1.0
11,218,1.0
11,219,1.0
11,220,1.0
12,1,1.0
12,2,1.0
12,3,1.0
12,4,1.0
12,5,1.0
12,6,1.0
12,7,1.0
12,8,1.0
12,9,1.0
12,10,1.0
12,11,0.984375
12,12,1.0
12,13,1.0
12,14,1.0
12,15,1.0
12,16,1.0
12,17,1.0
12,18,1.0
12,19,1.0
12,20,0.984375
12,21,1.0
12,22,1.0
12,23,1.0
12,24,1.0
12,25,1.0
12,26,1.0
12,27,1.0
12,28,1.0
12,29,0.984375
12,30,1.0
12,31,1.0
12,32,1.0
12,33,1.0
12,34,0.984375
12,35,1.0
12,36,1.0
12,37,1.0
12,38,1.0
12,39,1.0
12,40,1.0
12,41,1.0
12,42,1.0
12,43,1.0
12,44,1.0
12,45,1.0
12,46,1.0
12,47,1.0
12,48,1.0
12,49,1.0
12,50,1.0
12,51,1.0
12,52,1.0
12,53,1.0
12,54,1.0
12,55,1.0
12,56,1.0
12,57,1.0
12,58,1.0
12,59,1.0
12,60,0.984375
12,61,1.0
12,62,1.0
12,63,1.0
12,64,1.0
12,65,0.984375
12,66,1.0
12,67,1.0
12,68,1.0
12,69,1.0
12,70,1.0
12,71,1.0
12,72,1.0
12,73,1.0
12,74,1.0
12,75,1.0
12,76,1.0
12,77,1.0
12,78,1.0
12,79,1.0
12,80,1.0
12,81,1.0
12,82,1.0
12,83,1.0
12,84,1.0
12,85,1.0
12,86,1.0
12,87,1.0
12,88,1.0
12,89,1.0
12,90,1.0
12,91,1.0
12,92,1.0
12,93,1.0
12,94,1.0
12,95,1.0
12,96,1.0
12,97,1.0
12,98,1.0
12,99,1.0
12,100,1.0
12,101,1.0
12,102,1.0
12,103,1.0
12,104,1.0
12,105,1.0
12,106,1.0
12,107,1.0
12,108,1.0
12,109,1.0
12,110,1.0
12,111,1.0
12,112,1.0
12,113,1.0
12,114,1.0
12,115,1.0
12,116,1.0
12,117,1.0
12,118,1.0
12,119,1.0
12,120,1.0
12,121,1.0
12,122,1.0
12,123,1.0
12,124,1.0
12,125,1.0
12,126,1.0
12,127,1.0
12,128,1.0
12,129,1.0
12,130,1.0
12,131,1.0
12,132,1.0
12,133,1.0
12,134,1.0
12,135,1.0
12,136,1.0
12,137,1.0
12,138,1.0
12,139,1.0
12,140,1.0
12,141,1.0
12,142,0.984375
12,143,1.0
12,144,1.0
12,145,1.0
12,146,1.0
12,147,1.0
12,148,1.0
12,149,1.0
12,150,1.0
12,151,1.0
12,152,1.0
12,153,1.0
12,154,1.0
12,155,1.0
12,156,1.0
12,157,1.0
12,158,1.0
12,159,1.0
12,160,1.0
12,161,1.0
12,162,1.0
12,163,1.0
12,164,1.0
12,165,1.0
12,166,1.0
12,167,1.0
12,168,1.0
12,169,1.0
12,170,1.0
12,171,1.0
12,172,1.0
12,173,1.0
12,174,1.0
12,175,1.0
12,176,1.0
12,177,1.0
12,178,1.0
12,179,1.0
12,180,1.0
12,181,1.0
12,182,1.0
12,183,1.0
12,184,1.0
12,185,1.0
12,186,1.0
12,187,1.0
12,188,1.0
12,189,1.0
12,190,1.0
12,191,1.0
12,192,1.0
12,193,1.0
12,194,1.0
12,195,1.0
12,196,1.0
12,197,1.0
12,198,1.0
12,199,1.0
12,200,1.0
12,201,1.0
12,202,1.0
12,203,1.0
12,204,1.0
12,205,1.0
12,206,1.0
12,207,1.0
12,208,1.0
12,209,0.984375
12,210,1.0
12,211,1.0
12,212,1.0
12,213,1.0
12,214,1.0
12,215,1.0
12,216,1.0
12,217,1.0
12,218,1.0
12,219,1.0
12,220,1.0
13,1,1.0
13,2,1.0
13,3,1.0
13,4,1.0
13,5,1.0
13,6,1.0
13,7,1.0
13,8,1.0
13,9,1.0
13,10,1.0
13,11,1.0
13,12,1.0
13,13,1.0
13,14,1.0
13,15,1.0
13,16,1.0
13,17,1.0
13,18,1.0
13,19,1.0
13,20,1.0
13,21,1.0
13,22,1.0
13,23,1.0
13,24,1.0
13,25,1.0
13,26,1.0
13,27,1.0
13,28,1.0
13,29,1.0
13,30,1.0
13,31,1.0
13,32,1.0
13,33,1.0
13,34,1.0
13,35,1.0
13,36,1.0
13,37,1.0
13,38,1.0
13,39,1.0
13,40,1.0
13,41,1.0
13,42,1.0
13,43,1.0
13,44,1.0
13,45,1.0
13,46,1.0
13,47,1.0
13,48,1.0
13,49,1.0
13,50,1.0
13,51,1.0
13,52,1.0
13,53,1.0
13,54,1.0
13,55,1.0
13,56,1.0
13,57,1.0
13,58,1.0
13,59,1.0
13,60,1.0
13,61,1.0
13,62,1.0
13,63,1.0
13,64,1.0
13,65,1.0
13,66,1.0
13,67,1.0
13,68,1.0
13,69,1.0
13,70,1.0
13,71,1.0
13,72,1.0
13,73,1.0
13,74,1.0
13,75,1.0
13,76,1.0
13,77,1.0
13,78,1.0
13,79,1.0
13,80,1.0
13,81,1.0
13,82,1.0
13,83,1.0
13,84,1.0
13,85,1.0
13,86,1.0
13,87,1.0
13,88,1.0
13,89,1.0
13,90,1.0
13,91,1.0
13,92,1.0
13,93,1.0
13,94,1.0
13,95,1.0
13,96,1.0
13,97,1.0
13,98,1.0
13,99,1.0
13,100,1.0
13,101,1.0
13,102,1.0
13,103,1.0
13,104,1.0
13,105,1.0
13,106,1.0
13,107,1.0
13,108,1.0
13,109,1.0
13,110,1.0
13,111,1.0
13,112,1.0
13,113,1.0
13,114,1.0
13,115,1.0
13,116,1.0
13,117,1.0
13,118,1.0
13,119,1.0
13,120,1.0
13,121,1.0
13,122,1.0
13,123,1.0
13,124,1.0
13,125,1.0
13,126,1.0
13,127,1.0
13,128,1.0
13,129,1.0
13,130,1.0
13,131,0.984375
13,132,1.0
13,133,1.0
13,134,1.0
13,135,1.0
13,136,1.0
13,137,1.0
13,138,1.0
13,139,1.0
13,140,1.0
13,141,1.0
13,142,1.0
13,143,1.0
13,144,1.0
13,145,1.0
13,146,1.0
13,147,1.0
13,148,1.0
13,149,1.0
13,150,1.0
13,151,1.0
13,152,1.0
13,153,1.0
13,154,1.0
13,155,1.0
13,156,1.0
13,157,1.0
13,158,1.0
13,159,1.0
13,160,1.0
13,161,1.0
13,162,1.0
13,163,1.0
13,164,1.0
13,165,1.0
13,166,1.0
13,167,1.0
13,168,1.0
13,169,0.984375
13,170,1.0
13,171,1.0
13,172,1.0
13,173,1.0
13,174,1.0
13,175,1.0
13,176,1.0
13,177,1.0
13,178,1.0
13,179,1.0
13,180,1.0
13,181,1.0
13,182,1.0
13,183,1.0
13,184,1.0
13,185,1.0
13,186,1.0
13,187,1.0
13,188,1.0
13,189,1.0
13,190,1.0
13,191,1.0
13,192,1.0
13,193,1.0
13,194,1.0
13,195,1.0
13,196,1.0
13,197,1.0
13,198,1.0
13,199,1.0
13,200,1.0
13,201,1.0
13,202,1.0
13,203,1.0
13,204,1.0
13,205,1.0
13,206,1.0
13,207,0.984375
13,208,1.0
13,209,1.0
13,210,1.0
13,211,1.0
13,212,1.0
13,213,1.0
13,214,1.0
13,215,1.0
13,216,1.0
13,217,1.0
13,218,1.0
13,219,1.0
13,220,1.0
14,1,1.0
14,2,1.0
14,3,1.0
14,4,1.0
14,5,1.0
14,6,1.0
14,7,1.0
14,8,1.0
14,9,1.0
14,10,1.0
14,11,1.0
14,12,1.0
14,13,1.0
14,14,1.0
14,15,1.0
14,16,1.0
14,17,1.0
14,18,1.0
14,19,1.0
14,20,1.0
14,21,1.0
14,22,1.0
14,23,1.0
14,24,1.0
14,25,1.0
14,26,1.0
14,27,1.0
14,28,1.0
14,29,1.0
14,30,1.0
14,31,1.0
14,32,1.0
14,33,1.0
14,34,1.0
14,35,1.0
14,36,1.0
14,37,1.0
14,38,1.0
14,39,1.0
14,40,1.0
14,41,1.0
14,42,1.0
14,43,1.0
14,44,1.0
14,45,1.0
14,46,1.0
14,47,1.0
14,48,1.0
14,49,1.0
14,50,1.0
14,51,1.0
14,52,1.0
14,53,1.0
14,54,1.0
14,55,1.0
14,56,1.0
14,57,1.0
14,58,1.0
14,59,1.0
14,60,1.0
14,61,1.0
14,62,1.0
14,63,1.0
14,64,1.0
14,65,1.0
14,66,1.0
14,67,1.0
14,68,1.0
14,69,1.0
14,70,1.0
14,71,1.0
14,72,1.0
14,73,1.0
14,74,1.0
14,75,1.0
14,76,1.0
14,77,1.0
14,78,1.0
14,79,1.0
14,80,1.0
14,81,1.0
14,82,1.0
14,83,1.0
14,84,1.0
14,85,1.0
14,86,1.0
14,87,1.0
14,88,1.0
14,89,1.0
14,90,1.0
14,91,1.0
14,92,1.0
14,93,1.0
14,94,1.0
14,95,1.0
14,96,1.0
14,97,1.0
14,98,1.0
14,99,1.0
14,100,1.0
14,101,1.0
14,102,1.0
14,103,1.0
14,104,1.0
14,105,1.0
14,106,1.0
14,107,1.0
14,108,1.0
14,109,1.0
14,110,1.0
14,111,1.0
14,112,1.0
14,113,1.0
14,114,1.0
14,115,1.0
14,116,1.0
14,117,1.0
14,118,1.0
14,119,1.0
14,120,1.0
14,121,1.0
14,122,1.0
14,123,1.0
14,124,1.0
14,125,1.0
14,126,1.0
14,127,1.0
14,128,1.0
14,129,1.0
14,130,1.0
14,131,1.0
14,132,1.0
14,133,1.0
14,134,1.0
14,135,1.0
14,136,1.0
14,137,1.0
14,138,1.0
14,139,1.0
14,140,1.0
14,141,1.0
14,142,1.0
14,143,1.0
14,144,1.0
14,145,1.0
14,146,1.0
14,147,1.0
14,148,1.0
14,149,1.0
14,150,1.0
14,151,0.984375
14,152,1.0
14,153,1.0
14,154,1.0
14,155,1.0
14,156,1.0
14,157,1.0
14,158,1.0
14,159,1.0
14,160,1.0
14,161,1.0
14,162,1.0
14,163,1.0
14,164,1.0
14,165,1.0
14,166,1.0
14,167,1.0
14,168,1.0
14,169,0.984375
14,170,1.0
14,171,1.0
14,172,1.0
14,173,1.0
14,174,1.0
14,175,1.0
14,176,1.0
14,177,1.0
14,178,1.0
14,179,1.0
14,180,1.0
14,181,1.0
14,182,1.0
14,183,1.0
14,184,1.0
14,185,1.0
14,186,1.0
14,187,1.0
14,188,1.0
14,189,1.0
14,190,1.0
14,191,1.0
14,192,1.0
14,193,1.0
14,194,0.984375
14,195,1.0
14,196,1.0
14,197,1.0
14,198,1.0
14,199,1.0
14,200,1.0
14,201,1.0
14,202,1.0
14,203,1.0
14,204,1.0
14,205,1.0
14,206,1.0
14,207,1.0
14,208,1.0
14,209,1.0
14,210,1.0
14,211,1.0
14,212,1.0
14,213,1.0
14,214,1.0
14,215,1.0
14,216,1.0
14,217,1.0
14,218,1.0
14,219,1.0
14,220,1.0
15,1,1.0
15,2,1.0
15,3,1.0
15,4,1.0
15,5,1.0
15,6,1.0
15,7,1.0
15,8,1.0
15,9,1.0
15,10,1.0
15,11,1.0
15,12,1.0
15,13,1.0
15,14,0.984375
15,15,1.0
15,16,1.0
15,17,1.0
15,18,1.0
15,19,1.0
15,20,1.0
15,21,1.0
15,22,1.0
15,23,1.0
15,24,1.0
15,25,1.0
15,26,1.0
15,27,1.0
15,28,1.0
15,29,1.0
15,30,1.0
15,31,1.0
15,32,1.0
15,33,1.0
15,34,1.0
15,35,1.0
15,36,1.0
15,37,1.0
15,38,1.0
15,39,1.0
15,40,1.0
15,41,1.0
15,42,1.0
15,43,1.0
15,44,1.0
15,45,1.0
15,46,1.0
15,47,1.0
15,48,1.0
15,49,1.0
15,50,1.0
15,51,1.0
15,52,1.0
15,53,1.0
15,54,1.0
15,55,1.0
15,56,1.0
15,57,1.0
15,58,1.0
15,59,1.0
15,60,1.0
15,61,1.0
15,62,1.0
15,63,1.0
15,64,1.0
15,65,1.0
15,66,1.0
15,67,1.0
15,68,1.0
15,69,1.0
15,70,1.0
15,71,1.0
15,72,1.0
15,73,1.0
15,74,1.0
15,75,1.0
15,76,1.0
15,77,1.0
15,78,1.0
15,79,1.0
15,80,1.0
15,81,1.0
15,82,1.0
15,83,1.0
15,84,1.0
15,85,1.0
15,86,1.0
15,87,1.0
15,88,1.0
15,89,0.984375
15,90,1.0
15,91,1.0
15,92,1.0
15,93,1.0
15,94,1.0
15,95,1.0
15,96,1.0
15,97,1.0
15,98,1.0
15,99,1.0
15,100,1.0
15,101,1.0
15,102,1.0
15,103,1.0
15,104,1.0
15,105,1.0
15,106,1.0
15,107,1.0
15,108,1.0
15,109,1.0
15,110,1.0
15,111,1.0
15,112,1.0
15,113,1.0
15,114,1.0
15,115,1.0
15,116,1.0
15,117,1.0
15,118,1.0
15,119,1.0
15,120,1.0
15,121,1.0
15,122,1.0
15,123,1.0
15,124,1.0
15,125,1.0
15,126,1.0
15,127,1.0
15,128,1.0
15,129,1.0
15,130,0.984375
15,131,1.0
15,132,1.0
15,133,1.0
15,134,1.0
15,135,1.0
15,136,1.0
15,137,1.0
15,138,1.0
15,139,1.0
15,140,1.0
15,141,1.0
15,142,1.0
15,143,1.0
15,144,1.0
15,145,1.0
15,146,1.0
15,147,1.0
15,148,1.0
15,149,1.0
15,150,1.0
15,151,1.0
15,152,1.0
15,153,1.0
15,154,1.0
15,155,0.984375
15,156,1.0
15,157,1.0
15,158,1.0
15,159,1.0
15,160,1.0
15,161,1.0
15,162,1.0
15,163,1.0
15,164,1.0
15,165,1.0
15,166,1.0
15,167,1.0
15,168,1.0
15,169,1.0
15,170,1.0
15,171,0.984375
15,172,1.0
15,173,1.0
15,174,1.0
15,175,1.0
15,176,1.0
15,177,1.0
15,178,1.0
15,179,1.0
15,180,1.0
15,181,1.0
15,182,1.0
15,183,1.0
15,184,1.0
15,185,1.0
15,186,1.0
15,187,1.0
15,188,1.0
15,189,1.0
15,190,1.0
15,191,1.0
15,192,1.0
15,193,1.0
15,194,1.0
15,195,1.0
15,196,1.0
15,197,1.0
15,198,1.0
15,199,1.0
15,200,1.0
15,201,1.0
15,202,1.0
15,203,0.984375
15,204,1.0
15,205,1.0
15,206,1.0
15,207,1.0
15,208,1.0
15,209,1.0
15,210,1.0
15,211,1.0
15,212,1.0
15,213,1.0
15,214,1.0
15,215,1.0
15,216,1.0
15,217,1.0
15,218,1.0
15,219,1.0
15,220,1.0
16,1,1.0
16,2,1.0
16,3,1.0
16,4,1.0
16,5,1.0
16,6,1.0
16,7,1.0
16,8,1.0
16,9,1.0
16,10,1.0
16,11,1.0
16,12,1.0
16,13,1.0
16,14,1.0
16,15,1.0
16,16,1.0
16,17,1.0
16,18,1.0
16,19,1.0
16,20,1.0
16,21,1.0
16,22,1.0
16,23,1.0
16,24,1.0
16,25,1.0
16,26,1.0
16,27,1.0
16,28,0.984375
16,29,1.0
16,30,1.0
16,31,1.0
16,32,1.0
16,33,1.0
16,34,1.0
16,35,1.0
16,36,1.0
16,37,1.0
16,38,1.0
16,39,1.0
16,40,1.0
16,41,1.0
16,42,1.0
16,43,1.0
16,44,1.0
16,45,1.0
16,46,1.0
16,47,1.0
16,48,1.0
16,49,1.0
16,50,1.0
16,51,1.0
16,52,1.0
16,53,1.0
16,54,1.0
16,55,1.0
16,56,1.0
16,57,1.0
16,58,1.0
16,59,1.0
16,60,1.0
16,61,1.0
16,62,1.0
16,63,1.0
16,64,1.0
16,65,1.0
16,66,1.0
16,67,1.0
16,68,1.0
16,69,1.0
16,70,1.0
16,71,1.0
16,72,1.0
16,73,1.0
16,74,1.0
16,75,1.0
16,76,1.0
16,77,1.0
16,78,1.0
16,79,1.0
16,80,1.0
16,81,1.0
16,82,1.0
16,83,1.0
16,84,1.0
16,85,1.0
16,86,1.0
16,87,1.0
16,88,1.0
16,89,1.0
16,90,1.0
16,91,1.0
16,92,1.0
16,93,1.0
16,94,1.0
16,95,1.0
16,96,1.0
16,97,1.0
16,98,1.0
16,99,1.0
16,100,1.0
16,101,1.0
16,102,1.0
16,103,1.0
16,104,1.0
16,105,1.0
16,106,1.0
16,107,1.0
16,108,1.0
16,109,1.0
16,110,1.0
16,111,1.0
16,112,1.0
16,113,1.0
16,114,1.0
16,115,1.0
16,116,1.0
16,117,1.0
16,118,1.0
16,119,1.0
16,120,1.0
16,121,1.0
16,122,1.0
16,123,1.0
16,124,1.0
16,125,1.0
16,126,1.0
16,127,1.0
16,128,1.0
16,129,1.0
16,130,1.0
16,131,1.0
16,132,1.0
16,133,1.0
16,134,1.0
16,135,1.0
16,136,1.0
16,137,1.0
16,138,1.0
16,139,1.0
16,140,1.0
16,141,1.0
16,142,1.0
16,143,1.0
16,144,1.0
16,145,1.0
16,146,1.0
16,147,1.0
16,148,1.0
16,149,1.0
16,150,1.0
16,151,1.0
16,152,1.0
16,153,1.0
16,154,1.0
16,155,1.0
16,156,1.0
16,157,1.0
16,158,1.0
16,159,1.0
16,160,1.0
16,161,1.0
16,162,1.0
16,163,1.0
16,164,1.0
16,165,1.0
16,166,1.0
16,167,1.0
16,168,1.0
16,169,1.0
16,170,1.0
16,171,1.0
16,172,1.0
16,173,1.0
16,174,1.0
16,175,1.0
16,176,1.0
16,177,1.0
16,178,1.0
16,179,1.0
16,180,1.0
16,181,1.0
16,182,1.0
16,183,1.0
16,184,1.0
16,185,1.0
16,186,1.0
16,187,1.0
16,188,1.0
16,189,1.0
16,190,1.0
16,191,1.0
16,192,1.0
16,193,1.0
16,194,1.0
16,195,1.0
16,196,1.0
16,197,1.0
16,198,1.0
16,199,1.0
16,200,1.0
16,201,1.0
16,202,1.0
16,203,1.0
16,204,1.0
16,205,1.0
16,206,1.0
16,207,1.0
16,208,1.0
16,209,1.0
16,210,1.0
16,211,1.0
16,212,1.0
16,213,1.0
16,214,1.0
16,215,1.0
16,216,1.0
16,217,1.0
16,218,1.0
16,219,1.0
16,220,1.0
17,1,1.0
17,2,1.0
17,3,1.0
17,4,1.0
17,5,1.0
17,6,1.0
17,7,1.0
17,8,1.0
17,9,1.0
17,10,1.0
17,11,1.0
17,12,1.0
17,13,1.0
17,14,1.0
17,15,1.0
17,16,1.0
17,17,1.0
17,18,1.0
17,19,1.0
17,20,1.0
17,21,1.0
17,22,1.0
17,23,1.0
17,24,1.0
17,25,1.0
17,26,1.0
17,27,1.0
17,28,1.0
17,29,1.0
17,30,1.0
17,31,1.0
17,32,1.0
17,33,1.0
17,34,1.0
17,35,1.0
17,36,1.0
17,37,1.0
17,38,1.0
17,39,1.0
17,40,1.0
17,41,1.0
17,42,1.0
17,43,1.0
17,44,1.0
17,45,1.0
17,46,1.0
17,47,1.0
17,48,1.0
17,49,1.0
17,50,1.0
17,51,1.0
17,52,1.0
17,53,1.0
17,54,1.0
17,55,1.0
17,56,1.0
17,57,1.0
17,58,1.0
17,59,1.0
17,60,1.0
17,61,1.0
17,62,1.0
17,63,1.0
17,64,1.0
17,65,1.0
17,66,1.0
17,67,1.0
17,68,1.0
17,69,1.0
17,70,1.0
17,71,1.0
17,72,1.0
17,73,1.0
17,74,1.0
17,75,1.0
17,76,1.0
17,77,1.0
17,78,1.0
17,79,1.0
17,80,1.0
17,81,1.0
17,82,1.0
17,83,1.0
17,84,1.0
17,85,1.0
17,86,1.0
17,87,1.0
17,88,1.0
17,89,1.0
17,90,1.0
17,91,1.0
17,92,1.0
17,93,1.0
17,94,1.0
17,95,1.0
17,96,1.0
17,97,1.0
17,98,1.0
17,99,0.984375
17,100,1.0
17,101,1.0
17,102,1.0
17,103,1.0
17,104,1.0
17,105,1.0
17,106,1.0
17,107,1.0
17,108,1.0
17,109,1.0
17,110,1.0
17,111,1.0
17,112,1.0
17,113,1.0
17,114,1.0
17,115,1.0
17,116,1.0
17,117,1.0
17,118,1.0
17,119,1.0
17,120,1.0
17,121,1.0
17,122,1.0
17,123,1.0
17,124,1.0
17,125,1.0
17,126,1.0
17,127,1.0
17,128,1.0
17,129,1.0
17,130,1.0
17,131,1.0
17,132,1.0
17,133,1.0
17,134,1.0
17,135,1.0
17,136,1.0
17,137,1.0
17,138,1.0
17,139,1.0
17,140,1.0
17,141,1.0
17,142,1.0
17,143,1.0
17,144,1.0
17,145,1.0
17,146,1.0
17,147,1.0
17,148,1.0
17,149,1.0
17,150,1.0
17,151,1.0
17,152,1.0
17,153,1.0
17,154,1.0
17,155,1.0
17,156,1.0
17,157,1.0
17,158,1.0
17,159,1.0
17,160,1.0
17,161,1.0
17,162,1.0
17,163,1.0
17,164,1.0
17,165,1.0
17,166,1.0
17,167,0.984375
17,168,1.0
17,169,1.0
17,170,1.0
17,171,1.0
17,172,1.0
17,173,1.0
17,174,1.0
17,175,1.0
17,176,1.0
17,177,1.0
17,178,1.0
17,179,1.0
17,180,1.0
17,181,1.0
17,182,1.0
17,183,1.0
17,184,1.0
17,185,1.0
17,186,1.0
17,187,1.0
17,188,1.0
17,189,1.0
17,190,1.0
17,191,1.0
17,192,1.0
17,193,1.0
17,194,1.0
17,195,1.0
17,196,1.0
17,197,1.0
17,198,1.0
17,199,1.0
17,200,1.0
17,201,1.0
17,202,1.0
17,203,0.984375
17,204,1.0
17,205,1.0
17,206,1.0
17,207,1.0
17,208,1.0
17,209,1.0
17,210,1.0
17,211,1.0
17,212,1.0
17,213,1.0
17,214,1.0
17,215,1.0
17,216,1.0
17,217,1.0
17,218,1.0
17,219,1.0
17,220,1.0
18,1,1.0
18,2,1.0
18,3,1.0
18,4,1.0
18,5,1.0
18,6,1.0
18,7,1.0
18,8,1.0
18,9,1.0
18,10,1.0
18,11,1.0
18,12,1.0
18,13,1.0
18,14,1.0
18,15,1.0
18,16,1.0
18,17,1.0
18,18,1.0
18,19,1.0
18,20,1.0
18,21,1.0
18,22,1.0
18,23,1.0
18,24,1.0
18,25,1.0
18,26,1.0
18,27,1.0
18,28,1.0
18,29,1.0
18,30,1.0
18,31,1.0
18,32,1.0
18,33,1.0
18,34,1.0
18,35,1.0
18,36,1.0
18,37,1.0
18,38,1.0
18,39,1.0
18,40,1.0
18,41,1.0
18,42,1.0
18,43,1.0
18,44,1.0
18,45,1.0
18,46,1.0
18,47,1.0
18,48,1.0
18,49,1.0
18,50,1.0
18,51,1.0
18,52,1.0
18,53,1.0
18,54,1.0
18,55,1.0
18,56,1.0
18,57,1.0
18,58,1.0
18,59,1.0
18,60,1.0
18,61,1.0
18,62,1.0
18,63,1.0
18,64,1.0
18,65,1.0
18,66,1.0
18,67,1.0
18,68,1.0
18,69,1.0
18,70,1.0
18,71,1.0
18,72,1.0
18,73,1.0
18,74,1.0
18,75,1.0
18,76,1.0
18,77,1.0
18,78,1.0
18,79,1.0
18,80,1.0
18,81,1.0
18,82,1.0
18,83,1.0
18,84,1.0
18,85,1.0
18,86,1.0
18,87,1.0
18,88,1.0
18,89,1.0
18,90,1.0
18,91,1.0
18,92,1.0
18,93,1.0
18,94,1.0
18,95,1.0
18,96,1.0
18,97,1.0
18,98,1.0
18,99,1.0
18,100,1.0
18,101,1.0
18,102,1.0
18,103,1.0
18,104,1.0
18,105,1.0
18,106,1.0
18,107,1.0
18,108,1.0
18,109,1.0
18,110,1.0
18,111,1.0
18,112,1.0
18,113,1.0
18,114,1.0
18,115,1.0
18,116,1.0
18,117,1.0
18,118,1.0
18,119,1.0
18,120,1.0
18,121,1.0
18,122,1.0
18,123,0.984375
18,124,1.0
18,125,1.0
18,126,1.0
18,127,1.0
18,128,1.0
18,129,1.0
18,130,1.0
18,131,1.0
18,132,1.0
18,133,1.0
18,134,1.0
18,135,1.0
18,136,1.0
18,137,1.0
18,138,1.0
18,139,1.0
18,140,1.0
18,141,1.0
18,142,1.0
18,143,1.0
18,144,0.984375
18,145,1.0
18,146,1.0
18,147,1.0
18,148,1.0
18,149,1.0
18,150,1.0
18,151,1.0
18,152,1.0
18,153,1.0
18,154,1.0
18,155,1.0
18,156,1.0
18,157,1.0
18,158,1.0
18,159,1.0
18,160,1.0
18,161,1.0
18,162,1.0
18,163,1.0
18,164,1.0
18,165,1.0
18,166,1.0
18,167,1.0
18,168,1.0
18,169,1.0
18,170,1.0
18,171,1.0
18,172,1.0
18,173,1.0
18,174,1.0
18,175,1.0
18,176,1.0
18,177,1.0
18,178,1.0
18,179,1.0
18,180,1.0
18,181,1.0
18,182,1.0
18,183,1.0
18,184,1.0
18,185,1.0
18,186,1.0
18,187,1.0
18,188,1.0
18,189,1.0
18,190,1.0
18,191,1.0
18,192,1.0
18,193,1.0
18,194,1.0
18,195,1.0
18,196,1.0
18,197,1.0
18,198,1.0
18,199,1.0
18,200,1.0
18,201,1.0
18,202,1.0
18,203,1.0
18,204,1.0
18,205,1.0
18,206,1.0
18,207,1.0
18,208,1.0
18,209,1.0
18,210,1.0
18,211,1.0
18,212,1.0
18,213,1.0
18,214,1.0
18,215,1.0
18,216,1.0
18,217,1.0
18,218,1.0
18,219,1.0
18,220,1.0
19,1,1.0
19,2,1.0
19,3,1.0
19,4,1.0
19,5,1.0
19,6,1.0
19,7,1.0
19,8,1.0
19,9,1.0
19,10,1.0
19,11,1.0
19,12,1.0
19,13,1.0
19,14,1.0
19,15,1.0
19,16,0.984375
19,17,1.0
19,18,1.0
19,19,0.984375
19,20,1.0
19,21,1.0
19,22,1.0
19,23,1.0
19,24,1.0
19,25,1.0
19,26,1.0
19,27,1.0
19,28,1.0
19,29,1.0
19,30,1.0
19,31,1.0
19,32,1.0
19,33,1.0
19,34,1.0
19,35,1.0
19,36,0.984375
19,37,1.0
19,38,1.0
19,39,1.0
19,40,1.0
19,41,1.0
19,42,1.0
19,43,1.0
19,44,1.0
19,45,1.0
19,46,1.0
19,47,1.0
19,48,1.0
19,49,1.0
19,50,1.0
19,51,1.0
19,52,1.0
19,53,1.0
19,54,1.0
19,55,1.0
19,56,1.0
19,57,1.0
19,58,1.0
19,59,1.0
19,60,1.0
19,61,1.0
19,62,1.0
19,63,1.0
19,64,1.0
19,65,1.0
19,66,1.0
19,67,1.0
19,68,1.0
19,69,1.0
19,70,1.0
19,71,1.0
19,72,1.0
19,73,1.0
19,74,1.0
19,75,1.0
19,76,1.0
19,77,1.0
19,78,1.0
19,79,1.0
19,80,1.0
19,81,1.0
19,82,1.0
19,83,1.0
19,84,1.0
19,85,1.0
19,86,1.0
19,87,1.0
19,88,1.0
19,89,1.0
19,90,1.0
19,91,1.0
19,92,1.0
19,93,1.0
19,94,1.0
19,95,1.0
19,96,1.0
19,97,1.0
19,98,1.0
19,99,1.0
19,100,1.0
19,101,1.0
19,102,1.0
19,103,1.0
19,104,1.0
19,105,1.0
19,106,1.0
19,107,1.0
19,108,1.0
19,109,1.0
19,110,1.0
19,111,1.0
19,112,1.0
19,113,1.0
19,114,1.0
19,115,1.0
19,116,1.0
19,117,1.0
19,118,1.0
19,119,1.0
19,120,1.0
19,121,1.0
19,122,1.0
19,123,1.0
19,124,1.0
19,125,1.0
19,126,1.0
19,127,1.0
19,128,1.0
19,129,1.0
19,130,1.0
19,131,1.0
19,132,1.0
19,133,1.0
19,134,1.0
19,135,1.0
19,136,1.0
19,137,1.0
19,138,1.0
19,139,1.0
19,140,1.0
19,141,0.984375
19,142,1.0
19,143,1.0
19,144,1.0
19,145,1.0
19,146,1.0
19,147,1.0
19,148,1.0
19,149,1.0
19,150,1.0
19,151,1.0
19,152,1.0
19,153,1.0
19,154,1.0
19,155,1.0
19,156,0.984375
19,157,1.0
19,158,1.0
19,159,1.0
19,160,1.0
19,161,1.0
19,162,1.0
19,163,1.0
19,164,1.0
19,165,1.0
19,166,1.0
19,167,1.0
19,168,1.0
19,169,1.0
19,170,1.0
19,171,1.0
19,172,1.0
19,173,1.0
19,174,1.0
19,175,1.0
19,176,1.0
19,177,1.0
19,178,1.0
19,179,1.0
19,180,1.0
19,181,1.0
19,182,1.0
19,183,1.0
19,184,0.984375
19,185,1.0
19,186,1.0
19,187,1.0
19,188,1.0
19,189,1.0
19,190,1.0
19,191,1.0
19,192,1.0
19,193,1.0
19,194,1.0
19,195,1.0
19,196,1.0
19,197,1.0
19,198,1.0
19,199,1.0
19,200,1.0
19,201,1.0
19,202,1.0
19,203,1.0
19,204,1.0
19,205,1.0
19,206,1.0
19,207,1.0
19,208,1.0
19,209,1.0
19,210,1.0
19,211,1.0
19,212,1.0
19,213,1.0
19,214,1.0
19,215,1.0
19,216,1.0
19,217,1.0
19,218,1.0
19,219,1.0
19,220,1.0
20,1,1.0
20,2,1.0
20,3,1.0
20,4,1.0
20,5,1.0
20,6,1.0
20,7,1.0
20,8,1.0
20,9,1.0
20,10,1.0
20,11,1.0
20,12,1.0
20,13,1.0
20,14,1.0
20,15,1.0
20,16,1.0
20,17,1.0
20,18,1.0
20,19,1.0
20,20,1.0
20,21,1.0
20,22,1.0
20,23,1.0
20,24,1.0
20,25,1.0
20,26,1.0
20,27,1.0
20,28,1.0
20,29,1.0
20,30,1.0
20,31,1.0
20,32,1.0
20,33,1.0
20,34,1.0
20,35,1.0
20,36,1.0
20,37,1.0
20,38,1.0
20,39,1.0
20,40,1.0
20,41,1.0
20,42,1.0
20,43,1.0
20,44,1.0
20,45,1.0
20,46,1.0
20,47,1.0
20,48,1.0
20,49,1.0
20,50,1.0
20,51,1.0
20,52,1.0
20,53,1.0
20,54,1.0
20,55,1.0
20,56,1.0
20,57,1.0
20,58,1.0
20,59,1.0
20,60,1.0
20,61,1.0
20,62,1.0
20,63,1.0
20,64,1.0
20,65,1.0
20,66,1.0
20,67,1.0
20,68,1.0
20,69,1.0
20,70,1.0
20,71,1.0
20,72,1.0
20,73,1.0
20,74,1.0
20,75,1.0
20,76,1.0
20,77,1.0
20,78,1.0
20,79,1.0
20,80,1.0
20,81,1.0
20,82,1.0
20,83,1.0
20,84,1.0
20,85,1.0
20,86,1.0
20,87,1.0
20,88,1.0
20,89,1.0
20,90,1.0
20,91,1.0
20,92,1.0
20,93,1.0
20,94,1.0
20,95,1.0
20,96,1.0
20,97,1.0
20,98,1.0
20,99,1.0
20,100,1.0
20,101,1.0
20,102,1.0
20,103,1.0
20,104,1.0
20,105,1.0
20,106,1.0
20,107,1.0
20,108,1.0
20,109,1.0
20,110,1.0
20,111,1.0
20,112,1.0
20,113,1.0
20,114,1.0
20,115,1.0
20,116,1.0
20,117,1.0
20,118,1.0
20,119,1.0
20,120,1.0
20,121,1.0
20,122,1.0
20,123,1.0
20,124,1.0
20,125,1.0
20,126,1.0
20,127,1.0
20,128,1.0
20,129,1.0
20,130,1.0
20,131,1.0
20,132,1.0
20,133,1.0
20,134,1.0
20,135,1.0
20,136,1.0
20,137,1.0
20,138,1.0
20,139,1.0
20,140,1.0
20,141,1.0
20,142,1.0
20,143,1.0
20,144,1.0
20,145,1.0
20,146,1.0
20,147,1.0
20,148,1.0
20,149,1.0
20,150,1.0
20,151,1.0
20,152,1.0
20,153,1.0
20,154,1.0
20,155,1.0
20,156,1.0
20,157,1.0
20,158,1.0
20,159,1.0
20,160,1.0
20,161,1.0
20,162,1.0
20,163,1.0
20,164,1.0
20,165,1.0
20,166,1.0
20,167,1.0
20,168,1.0
20,169,1.0
20,170,1.0
20,171,1.0
20,172,1.0
20,173,1.0
20,174,1.0
20,175,1.0
20,176,1.0
20,177,0.984375
20,178,1.0
20,179,1.0
20,180,1.0
20,181,1.0
20,182,1.0
20,183,1.0
20,184,1.0
20,185,1.0
20,186,1.0
20,187,1.0
20,188,1.0
20,189,1.0
20,190,1.0
20,191,1.0
20,192,1.0
20,193,1.0
20,194,1.0
20,195,1.0
20,196,1.0
20,197,0.984375
20,198,1.0
20,199,1.0
20,200,1.0
20,201,1.0
20,202,1.0
20,203,1.0
20,204,1.0
20,205,1.0
20,206,1.0
20,207,1.0
20,208,1.0
20,209,1.0
20,210,1.0
20,211,1.0
20,212,1.0
20,213,1.0
20,214,1.0
20,215,1.0
20,216,1.0
20,217,1.0
20,218,1.0
20,219,1.0
20,220,1.0
