epoch,iteration,loss
1,1,0.25
1,2,0.625
1,3,0.625
1,4,0.375
1,5,0.25
1,6,0.625
1,7,0.625
1,8,0.5
1,9,0.625
1,10,0.75
1,11,0.875
1,12,1.0
1,13,1.0
1,14,1.0
1,15,1.0
1,16,1.0
1,17,1.0
1,18,1.0
1,19,1.0
1,20,1.0
1,21,1.0
1,22,0.875
1,23,1.0
1,24,1.0
1,25,1.0
1,26,1.0
1,27,0.875
1,28,1.0
1,29,1.0
1,30,1.0
1,31,1.0
1,32,1.0
1,33,1.0
1,34,1.0
1,35,1.0
1,36,1.0
1,37,1.0
1,38,1.0
1,39,1.0
1,40,1.0
1,41,1.0
1,42,1.0
1,43,1.0
1,44,1.0
1,45,1.0
1,46,1.0
1,47,1.0
1,48,1.0
1,49,1.0
1,50,1.0
1,51,1.0
1,52,1.0
1,53,1.0
1,54,1.0
1,55,1.0
1,56,1.0
1,57,1.0
1,58,1.0
1,59,1.0
1,60,1.0
1,61,1.0
1,62,1.0
1,63,1.0
1,64,1.0
1,65,1.0
1,66,1.0
1,67,1.0
1,68,1.0
1,69,1.0
1,70,1.0
1,71,1.0
1,72,1.0
1,73,1.0
1,74,1.0
1,75,1.0
1,76,1.0
1,77,1.0
1,78,1.0
1,79,1.0
1,80,1.0
1,81,1.0
1,82,1.0
1,83,1.0
1,84,1.0
1,85,1.0
1,86,1.0
1,87,1.0
1,88,1.0
1,89,1.0
1,90,1.0
1,91,1.0
1,92,1.0
1,93,1.0
1,94,1.0
1,95,1.0
1,96,1.0
1,97,1.0
1,98,1.0
1,99,1.0
1,100,1.0
1,101,1.0
1,102,1.0
1,103,1.0
1,104,1.0
1,105,1.0
1,106,1.0
1,107,1.0
1,108,1.0
1,109,1.0
1,110,1.0
1,111,1.0
1,112,1.0
1,113,1.0
1,114,1.0
1,115,1.0
1,116,1.0
1,117,1.0
1,118,1.0
1,119,1.0
1,120,1.0
1,121,1.0
1,122,1.0
1,123,1.0
1,124,1.0
1,125,1.0
1,126,1.0
1,127,1.0
1,128,1.0
1,129,1.0
1,130,1.0
1,131,1.0
1,132,1.0
1,133,1.0
1,134,1.0
1,135,1.0
1,136,1.0
1,137,1.0
1,138,1.0
1,139,1.0
1,140,1.0
1,141,1.0
1,142,1.0
1,143,1.0
1,144,1.0
1,145,1.0
1,146,1.0
1,147,1.0
1,148,1.0
1,149,1.0
1,150,1.0
1,151,1.0
1,152,1.0
1,153,1.0
1,154,1.0
1,155,1.0
1,156,1.0
1,157,1.0
1,158,1.0
1,159,1.0
1,160,1.0
1,161,1.0
1,162,1.0
1,163,1.0
1,164,1.0
1,165,1.0
1,166,1.0
1,167,1.0
1,168,1.0
1,169,1.0
1,170,1.0
1,171,1.0
1,172,1.0
1,173,1.0
1,174,1.0
1,175,1.0
1,176,1.0
1,177,1.0
1,178,1.0
1,179,1.0
1,180,1.0
1,181,1.0
1,182,1.0
1,183,1.0
1,184,1.0
1,185,1.0
1,186,1.0
1,187,1.0
1,188,1.0
1,189,1.0
1,190,1.0
1,191,1.0
1,192,1.0
1,193,1.0
1,194,1.0
1,195,1.0
1,196,1.0
1,197,1.0
1,198,1.0
1,199,1.0
1,200,1.0
1,201,1.0
1,202,1.0
1,203,1.0
1,204,1.0
1,205,1.0
1,206,1.0
1,207,1.0
1,208,1.0
1,209,1.0
1,210,1.0
1,211,1.0
1,212,1.0
1,213,1.0
1,214,1.0
1,215,1.0
1,216,1.0
1,217,1.0
1,218,1.0
1,219,1.0
1,220,1.0
1,221,1.0
1,222,1.0
1,223,1.0
1,224,1.0
1,225,1.0
1,226,1.0
1,227,1.0
1,228,1.0
1,229,1.0
1,230,1.0
1,231,1.0
1,232,1.0
1,233,1.0
1,234,1.0
1,235,1.0
1,236,1.0
1,237,1.0
1,238,1.0
1,239,1.0
1,240,1.0
1,241,1.0
1,242,1.0
1,243,1.0
1,244,1.0
1,245,1.0
1,246,1.0
1,247,1.0
1,248,1.0
1,249,1.0
1,250,1.0
1,251,1.0
1,252,1.0
1,253,1.0
1,254,1.0
1,255,1.0
1,256,1.0
1,257,1.0
1,258,1.0
1,259,1.0
1,260,1.0
1,261,1.0
1,262,1.0
1,263,1.0
1,264,1.0
1,265,1.0
1,266,1.0
1,267,1.0
1,268,1.0
1,269,1.0
1,270,1.0
1,271,1.0
1,272,1.0
1,273,1.0
1,274,1.0
1,275,1.0
1,276,1.0
1,277,1.0
1,278,1.0
1,279,1.0
1,280,1.0
1,281,1.0
1,282,1.0
1,283,1.0
1,284,1.0
1,285,1.0
1,286,1.0
1,287,1.0
1,288,1.0
1,289,1.0
1,290,1.0
1,291,1.0
1,292,1.0
1,293,1.0
1,294,1.0
1,295,1.0
1,296,1.0
1,297,1.0
1,298,1.0
1,299,1.0
1,300,1.0
1,301,1.0
1,302,1.0
1,303,1.0
1,304,1.0
1,305,1.0
1,306,1.0
1,307,1.0
1,308,1.0
1,309,1.0
1,310,1.0
1,311,1.0
1,312,1.0
1,313,1.0
1,314,1.0
1,315,1.0
1,316,1.0
1,317,1.0
1,318,1.0
1,319,1.0
1,320,1.0
1,321,1.0
1,322,1.0
1,323,1.0
1,324,1.0
1,325,1.0
1,326,1.0
1,327,1.0
1,328,1.0
1,329,1.0
1,330,1.0
1,331,1.0
1,332,1.0
1,333,1.0
1,334,1.0
1,335,1.0
1,336,1.0
1,337,1.0
1,338,1.0
1,339,1.0
1,340,1.0
1,341,1.0
1,342,1.0
1,343,1.0
1,344,1.0
1,345,1.0
1,346,1.0
1,347,1.0
1,348,1.0
1,349,1.0
1,350,1.0
1,351,1.0
1,352,1.0
1,353,1.0
1,354,1.0
1,355,1.0
1,356,1.0
1,357,1.0
1,358,1.0
1,359,1.0
1,360,1.0
1,361,1.0
1,362,1.0
1,363,1.0
1,364,1.0
1,365,1.0
1,366,1.0
1,367,1.0
1,368,1.0
1,369,1.0
1,370,1.0
1,371,1.0
1,372,1.0
1,373,1.0
1,374,1.0
1,375,1.0
1,376,1.0
1,377,1.0
1,378,1.0
1,379,1.0
1,380,1.0
1,381,1.0
1,382,1.0
1,383,1.0
1,384,1.0
1,385,1.0
1,386,1.0
1,387,1.0
1,388,1.0
1,389,1.0
1,390,1.0
1,391,1.0
1,392,1.0
1,393,1.0
1,394,1.0
1,395,1.0
1,396,1.0
1,397,1.0
1,398,1.0
1,399,1.0
1,400,1.0
1,401,1.0
1,402,1.0
1,403,1.0
1,404,1.0
1,405,1.0
1,406,1.0
1,407,1.0
1,408,1.0
1,409,1.0
1,410,1.0
1,411,1.0
1,412,1.0
1,413,1.0
1,414,1.0
1,415,1.0
1,416,1.0
1,417,1.0
1,418,1.0
1,419,1.0
1,420,1.0
1,421,1.0
1,422,1.0
1,423,1.0
1,424,1.0
1,425,1.0
1,426,1.0
1,427,1.0
1,428,1.0
1,429,1.0
1,430,1.0
1,431,1.0
1,432,1.0
1,433,1.0
1,434,1.0
1,435,1.0
1,436,1.0
1,437,1.0
1,438,1.0
1,439,1.0
1,440,1.0
1,441,1.0
1,442,1.0
1,443,1.0
1,444,1.0
1,445,1.0
1,446,1.0
1,447,1.0
1,448,1.0
1,449,1.0
1,450,1.0
1,451,1.0
1,452,1.0
1,453,1.0
1,454,1.0
1,455,1.0
1,456,1.0
1,457,1.0
1,458,1.0
1,459,1.0
1,460,1.0
1,461,1.0
1,462,1.0
1,463,1.0
1,464,1.0
1,465,1.0
1,466,1.0
1,467,1.0
1,468,1.0
1,469,1.0
1,470,1.0
1,471,1.0
1,472,1.0
1,473,1.0
1,474,1.0
1,475,1.0
1,476,1.0
1,477,1.0
1,478,1.0
1,479,1.0
1,480,1.0
1,481,1.0
1,482,1.0
1,483,1.0
1,484,1.0
1,485,1.0
1,486,1.0
1,487,1.0
1,488,1.0
1,489,1.0
1,490,1.0
1,491,1.0
1,492,1.0
1,493,1.0
1,494,1.0
1,495,1.0
1,496,1.0
1,497,1.0
1,498,1.0
1,499,1.0
1,500,1.0
1,501,1.0
1,502,1.0
1,503,1.0
1,504,1.0
1,505,1.0
1,506,1.0
1,507,1.0
1,508,1.0
1,509,1.0
1,510,1.0
1,511,1.0
1,512,1.0
1,513,1.0
1,514,1.0
1,515,1.0
1,516,1.0
1,517,1.0
1,518,1.0
1,519,1.0
1,520,1.0
1,521,1.0
1,522,1.0
1,523,1.0
1,524,1.0
1,525,1.0
1,526,1.0
1,527,1.0
1,528,1.0
1,529,1.0
1,530,1.0
1,531,1.0
1,532,1.0
1,533,1.0
1,534,1.0
1,535,1.0
1,536,1.0
1,537,1.0
1,538,1.0
1,539,1.0
1,540,1.0
1,541,1.0
1,542,1.0
1,543,1.0
1,544,1.0
1,545,1.0
1,546,1.0
1,547,1.0
1,548,1.0
1,549,1.0
1,550,1.0
1,551,1.0
1,552,1.0
1,553,1.0
1,554,1.0
1,555,1.0
1,556,1.0
1,557,1.0
1,558,1.0
1,559,1.0
1,560,1.0
1,561,1.0
1,562,1.0
1,563,1.0
1,564,1.0
1,565,1.0
1,566,1.0
1,567,1.0
1,568,1.0
1,569,1.0
1,570,1.0
1,571,1.0
1,572,1.0
1,573,1.0
1,574,1.0
1,575,1.0
1,576,1.0
1,577,1.0
1,578,1.0
1,579,1.0
1,580,1.0
1,581,1.0
1,582,1.0
1,583,1.0
1,584,1.0
1,585,1.0
1,586,1.0
1,587,1.0
1,588,1.0
1,589,1.0
1,590,1.0
1,591,1.0
1,592,1.0
1,593,1.0
1,594,1.0
1,595,1.0
1,596,1.0
1,597,1.0
1,598,1.0
1,599,1.0
1,600,1.0
1,601,1.0
1,602,1.0
1,603,1.0
1,604,1.0
1,605,1.0
1,606,1.0
1,607,1.0
1,608,1.0
1,609,1.0
1,610,1.0
1,611,1.0
1,612,1.0
1,613,1.0
1,614,1.0
1,615,1.0
1,616,1.0
1,617,1.0
1,618,1.0
1,619,1.0
1,620,1.0
1,621,1.0
1,622,1.0
1,623,1.0
1,624,1.0
1,625,1.0
1,626,1.0
1,627,1.0
1,628,1.0
1,629,1.0
1,630,1.0
1,631,1.0
1,632,1.0
1,633,1.0
1,634,1.0
1,635,1.0
1,636,1.0
1,637,1.0
1,638,1.0
1,639,1.0
1,640,1.0
1,641,1.0
1,642,1.0
1,643,1.0
1,644,1.0
1,645,1.0
1,646,1.0
1,647,1.0
1,648,1.0
1,649,1.0
1,650,1.0
1,651,1.0
1,652,1.0
1,653,1.0
1,654,1.0
1,655,1.0
1,656,1.0
1,657,1.0
1,658,1.0
1,659,1.0
1,660,1.0
1,661,1.0
1,662,1.0
1,663,1.0
1,664,1.0
1,665,1.0
1,666,1.0
1,667,1.0
1,668,1.0
1,669,1.0
1,670,1.0
1,671,1.0
1,672,1.0
1,673,1.0
1,674,1.0
1,675,1.0
1,676,1.0
1,677,1.0
1,678,1.0
1,679,1.0
1,680,1.0
1,681,1.0
1,682,1.0
1,683,1.0
1,684,1.0
1,685,1.0
1,686,1.0
1,687,1.0
1,688,1.0
1,689,1.0
1,690,1.0
1,691,1.0
1,692,1.0
1,693,1.0
1,694,1.0
1,695,1.0
1,696,1.0
1,697,1.0
1,698,1.0
1,699,1.0
1,700,1.0
1,701,1.0
1,702,1.0
1,703,1.0
1,704,1.0
1,705,1.0
1,706,1.0
1,707,1.0
1,708,1.0
1,709,1.0
1,710,1.0
1,711,1.0
1,712,1.0
1,713,1.0
1,714,1.0
1,715,1.0
1,716,1.0
1,717,1.0
1,718,1.0
1,719,1.0
1,720,1.0
1,721,1.0
1,722,1.0
1,723,1.0
1,724,1.0
1,725,1.0
1,726,1.0
1,727,1.0
1,728,1.0
1,729,1.0
1,730,1.0
1,731,1.0
1,732,1.0
1,733,1.0
1,734,1.0
1,735,1.0
1,736,1.0
1,737,1.0
1,738,1.0
1,739,1.0
1,740,1.0
1,741,1.0
1,742,1.0
1,743,1.0
1,744,1.0
1,745,1.0
1,746,1.0
1,747,1.0
1,748,1.0
1,749,1.0
1,750,1.0
1,751,1.0
1,752,1.0
1,753,1.0
1,754,1.0
1,755,1.0
1,756,1.0
1,757,1.0
1,758,1.0
1,759,1.0
1,760,1.0
1,761,1.0
1,762,1.0
1,763,1.0
1,764,1.0
1,765,1.0
1,766,1.0
1,767,1.0
1,768,1.0
1,769,1.0
1,770,1.0
1,771,1.0
1,772,1.0
1,773,1.0
1,774,1.0
1,775,1.0
1,776,1.0
1,777,1.0
1,778,1.0
1,779,1.0
1,780,1.0
1,781,1.0
1,782,1.0
1,783,1.0
1,784,1.0
1,785,1.0
1,786,1.0
1,787,1.0
1,788,1.0
1,789,1.0
1,790,1.0
1,791,1.0
1,792,1.0
1,793,1.0
1,794,1.0
1,795,1.0
1,796,1.0
1,797,1.0
1,798,1.0
1,799,1.0
1,800,1.0
1,801,1.0
1,802,1.0
1,803,1.0
1,804,1.0
1,805,1.0
1,806,1.0
1,807,1.0
1,808,1.0
1,809,1.0
1,810,1.0
1,811,1.0
1,812,1.0
1,813,1.0
1,814,1.0
1,815,1.0
1,816,1.0
1,817,1.0
1,818,1.0
1,819,1.0
1,820,1.0
1,821,1.0
1,822,1.0
1,823,1.0
1,824,1.0
1,825,1.0
1,826,1.0
1,827,1.0
1,828,1.0
1,829,1.0
1,830,1.0
1,831,1.0
1,832,1.0
1,833,1.0
1,834,1.0
1,835,1.0
1,836,1.0
1,837,1.0
1,838,1.0
1,839,1.0
1,840,1.0
1,841,1.0
1,842,1.0
1,843,1.0
1,844,1.0
1,845,1.0
1,846,1.0
1,847,1.0
1,848,1.0
1,849,1.0
1,850,1.0
1,851,1.0
1,852,1.0
1,853,1.0
1,854,1.0
1,855,1.0
1,856,1.0
1,857,1.0
1,858,1.0
1,859,1.0
1,860,1.0
1,861,1.0
1,862,1.0
1,863,1.0
1,864,1.0
1,865,1.0
1,866,1.0
1,867,1.0
1,868,1.0
1,869,1.0
1,870,1.0
1,871,1.0
1,872,1.0
1,873,1.0
1,874,1.0
1,875,1.0
1,876,1.0
1,877,1.0
1,878,1.0
1,879,1.0
1,880,1.0
1,881,1.0
1,882,1.0
1,883,1.0
1,884,1.0
1,885,1.0
1,886,1.0
1,887,1.0
1,888,1.0
1,889,1.0
1,890,1.0
1,891,1.0
1,892,1.0
1,893,1.0
1,894,1.0
1,895,1.0
1,896,1.0
1,897,1.0
1,898,1.0
1,899,1.0
1,900,1.0
1,901,1.0
1,902,1.0
1,903,1.0
1,904,1.0
1,905,1.0
1,906,1.0
1,907,1.0
1,908,1.0
1,909,1.0
1,910,1.0
1,911,1.0
1,912,1.0
1,913,1.0
1,914,1.0
1,915,1.0
1,916,1.0
1,917,1.0
1,918,1.0
1,919,1.0
1,920,1.0
1,921,1.0
1,922,1.0
1,923,1.0
1,924,1.0
1,925,1.0
1,926,1.0
1,927,1.0
1,928,1.0
1,929,1.0
1,930,1.0
1,931,1.0
1,932,1.0
1,933,1.0
1,934,1.0
1,935,1.0
1,936,1.0
1,937,1.0
1,938,1.0
1,939,1.0
1,940,1.0
1,941,1.0
1,942,1.0
1,943,1.0
1,944,1.0
1,945,1.0
1,946,1.0
1,947,1.0
1,948,1.0
1,949,1.0
1,950,1.0
1,951,1.0
1,952,1.0
1,953,1.0
1,954,1.0
1,955,1.0
1,956,1.0
1,957,1.0
1,958,1.0
1,959,1.0
1,960,1.0
1,961,1.0
1,962,1.0
1,963,1.0
1,964,1.0
1,965,1.0
1,966,1.0
1,967,1.0
1,968,1.0
1,969,1.0
1,970,1.0
1,971,1.0
1,972,1.0
1,973,1.0
1,974,1.0
1,975,1.0
1,976,1.0
1,977,1.0
1,978,1.0
1,979,1.0
1,980,1.0
1,981,1.0
1,982,1.0
1,983,1.0
1,984,1.0
1,985,1.0
1,986,1.0
1,987,1.0
1,988,1.0
1,989,1.0
1,990,1.0
1,991,1.0
1,992,1.0
1,993,1.0
1,994,1.0
1,995,1.0
1,996,1.0
1,997,1.0
1,998,1.0
1,999,1.0
1,1000,1.0
1,1001,1.0
1,1002,1.0
1,1003,1.0
1,1004,1.0
1,1005,1.0
1,1006,1.0
1,1007,1.0
1,1008,1.0
1,1009,1.0
1,1010,1.0
1,1011,1.0
1,1012,1.0
1,1013,1.0
1,1014,1.0
1,1015,1.0
1,1016,1.0
1,1017,1.0
1,1018,1.0
1,1019,1.0
1,1020,1.0
1,1021,1.0
1,1022,1.0
1,1023,1.0
1,1024,1.0
1,1025,1.0
1,1026,1.0
1,1027,1.0
1,1028,1.0
1,1029,1.0
1,1030,1.0
1,1031,1.0
1,1032,1.0
1,1033,1.0
1,1034,1.0
1,1035,1.0
1,1036,1.0
1,1037,1.0
1,1038,1.0
1,1039,1.0
1,1040,1.0
1,1041,1.0
1,1042,1.0
1,1043,1.0
1,1044,1.0
1,1045,1.0
1,1046,1.0
1,1047,1.0
1,1048,1.0
1,1049,1.0
1,1050,1.0
1,1051,1.0
1,1052,1.0
1,1053,1.0
1,1054,1.0
1,1055,1.0
1,1056,1.0
1,1057,1.0
1,1058,1.0
1,1059,1.0
1,1060,1.0
1,1061,1.0
1,1062,1.0
1,1063,1.0
1,1064,1.0
1,1065,1.0
1,1066,1.0
1,1067,1.0
1,1068,1.0
1,1069,1.0
1,1070,1.0
1,1071,1.0
1,1072,1.0
1,1073,1.0
1,1074,1.0
1,1075,1.0
1,1076,1.0
1,1077,1.0
1,1078,1.0
1,1079,1.0
1,1080,1.0
1,1081,1.0
1,1082,1.0
1,1083,1.0
1,1084,1.0
1,1085,1.0
1,1086,1.0
1,1087,1.0
1,1088,1.0
1,1089,1.0
1,1090,1.0
1,1091,1.0
1,1092,1.0
1,1093,1.0
1,1094,1.0
1,1095,1.0
1,1096,1.0
1,1097,1.0
1,1098,1.0
1,1099,1.0
1,1100,1.0
1,1101,1.0
1,1102,1.0
1,1103,1.0
1,1104,1.0
1,1105,1.0
1,1106,1.0
1,1107,1.0
1,1108,1.0
1,1109,1.0
1,1110,1.0
1,1111,1.0
1,1112,1.0
1,1113,1.0
1,1114,1.0
1,1115,1.0
1,1116,1.0
1,1117,1.0
1,1118,1.0
1,1119,1.0
1,1120,1.0
1,1121,1.0
1,1122,1.0
1,1123,1.0
1,1124,1.0
1,1125,1.0
1,1126,1.0
1,1127,1.0
1,1128,1.0
1,1129,1.0
1,1130,1.0
1,1131,1.0
1,1132,1.0
1,1133,1.0
1,1134,1.0
1,1135,1.0
1,1136,1.0
1,1137,1.0
1,1138,1.0
1,1139,1.0
1,1140,1.0
1,1141,1.0
1,1142,1.0
1,1143,1.0
1,1144,1.0
1,1145,1.0
1,1146,1.0
1,1147,1.0
1,1148,1.0
1,1149,1.0
1,1150,1.0
1,1151,1.0
1,1152,1.0
1,1153,1.0
1,1154,1.0
1,1155,1.0
1,1156,1.0
1,1157,1.0
1,1158,1.0
1,1159,1.0
1,1160,1.0
1,1161,1.0
1,1162,1.0
1,1163,1.0
1,1164,1.0
1,1165,1.0
1,1166,1.0
1,1167,1.0
1,1168,1.0
1,1169,1.0
1,1170,1.0
1,1171,1.0
1,1172,1.0
1,1173,1.0
1,1174,1.0
1,1175,1.0
1,1176,1.0
1,1177,1.0
1,1178,1.0
1,1179,1.0
1,1180,1.0
1,1181,1.0
1,1182,1.0
1,1183,1.0
1,1184,1.0
1,1185,1.0
1,1186,1.0
1,1187,1.0
1,1188,1.0
1,1189,1.0
1,1190,1.0
1,1191,1.0
1,1192,1.0
1,1193,1.0
1,1194,1.0
1,1195,1.0
1,1196,1.0
1,1197,1.0
1,1198,1.0
1,1199,1.0
1,1200,1.0
1,1201,1.0
1,1202,1.0
1,1203,1.0
1,1204,1.0
1,1205,1.0
1,1206,1.0
1,1207,1.0
1,1208,1.0
1,1209,1.0
1,1210,1.0
1,1211,1.0
1,1212,1.0
1,1213,1.0
1,1214,1.0
1,1215,1.0
1,1216,1.0
1,1217,1.0
1,1218,1.0
1,1219,1.0
1,1220,1.0
1,1221,1.0
1,1222,1.0
1,1223,1.0
1,1224,1.0
1,1225,1.0
1,1226,1.0
1,1227,1.0
1,1228,1.0
1,1229,1.0
1,1230,1.0
1,1231,1.0
1,1232,1.0
1,1233,1.0
1,1234,1.0
1,1235,1.0
1,1236,1.0
1,1237,1.0
1,1238,1.0
1,1239,1.0
1,1240,1.0
1,1241,1.0
1,1242,1.0
1,1243,1.0
1,1244,1.0
1,1245,1.0
1,1246,1.0
1,1247,1.0
1,1248,1.0
1,1249,1.0
1,1250,1.0
2,1,1.0
2,2,1.0
2,3,1.0
2,4,1.0
2,5,1.0
2,6,1.0
2,7,1.0
2,8,1.0
2,9,1.0
2,10,1.0
2,11,1.0
2,12,1.0
2,13,1.0
2,14,1.0
2,15,1.0
2,16,1.0
2,17,1.0
2,18,1.0
2,19,1.0
2,20,1.0
2,21,1.0
2,22,1.0
2,23,1.0
2,24,1.0
2,25,1.0
2,26,1.0
2,27,1.0
2,28,1.0
2,29,1.0
2,30,1.0
2,31,1.0
2,32,1.0
2,33,1.0
2,34,1.0
2,35,1.0
2,36,1.0
2,37,1.0
2,38,1.0
2,39,1.0
2,40,1.0
2,41,1.0
2,42,1.0
2,43,1.0
2,44,1.0
2,45,1.0
2,46,1.0
2,47,1.0
2,48,1.0
2,49,1.0
2,50,1.0
2,51,1.0
2,52,1.0
2,53,1.0
2,54,1.0
2,55,1.0
2,56,1.0
2,57,1.0
2,58,1.0
2,59,1.0
2,60,1.0
2,61,1.0
2,62,1.0
2,63,1.0
2,64,1.0
2,65,1.0
2,66,1.0
2,67,1.0
2,68,1.0
2,69,1.0
2,70,1.0
2,71,1.0
2,72,1.0
2,73,1.0
2,74,1.0
2,75,1.0
2,76,1.0
2,77,1.0
2,78,1.0
2,79,1.0
2,80,1.0
2,81,1.0
2,82,1.0
2,83,1.0
2,84,1.0
2,85,1.0
2,86,1.0
2,87,1.0
2,88,1.0
2,89,1.0
2,90,1.0
2,91,1.0
2,92,1.0
2,93,1.0
2,94,1.0
2,95,1.0
2,96,1.0
2,97,1.0
2,98,1.0
2,99,1.0
2,100,1.0
2,101,1.0
2,102,1.0
2,103,1.0
2,104,1.0
2,105,1.0
2,106,1.0
2,107,1.0
2,108,1.0
2,109,1.0
2,110,1.0
2,111,1.0
2,112,1.0
2,113,1.0
2,114,1.0
2,115,1.0
2,116,1.0
2,117,1.0
2,118,1.0
2,119,1.0
2,120,1.0
2,121,1.0
2,122,1.0
2,123,1.0
2,124,1.0
2,125,1.0
2,126,1.0
2,127,1.0
2,128,1.0
2,129,1.0
2,130,1.0
2,131,1.0
2,132,1.0
2,133,1.0
2,134,1.0
2,135,1.0
2,136,1.0
2,137,1.0
2,138,1.0
2,139,1.0
2,140,1.0
2,141,1.0
2,142,1.0
2,143,1.0
2,144,1.0
2,145,1.0
2,146,1.0
2,147,1.0
2,148,1.0
2,149,1.0
2,150,1.0
2,151,1.0
2,152,1.0
2,153,1.0
2,154,1.0
2,155,1.0
2,156,1.0
2,157,1.0
2,158,1.0
2,159,1.0
2,160,1.0
2,161,1.0
2,162,1.0
2,163,1.0
2,164,1.0
2,165,1.0
2,166,1.0
2,167,1.0
2,168,1.0
2,169,1.0
2,170,1.0
2,171,1.0
2,172,1.0
2,173,1.0
2,174,1.0
2,175,1.0
2,176,1.0
2,177,1.0
2,178,1.0
2,179,1.0
2,180,1.0
2,181,1.0
2,182,1.0
2,183,1.0
2,184,1.0
2,185,1.0
2,186,1.0
2,187,1.0
2,188,1.0
2,189,1.0
2,190,1.0
2,191,1.0
2,192,1.0
2,193,1.0
2,194,1.0
2,195,1.0
2,196,1.0
2,197,1.0
2,198,1.0
2,199,1.0
2,200,1.0
2,201,1.0
2,202,1.0
2,203,1.0
2,204,1.0
2,205,1.0
2,206,1.0
2,207,1.0
2,208,1.0
2,209,1.0
2,210,1.0
2,211,1.0
2,212,1.0
2,213,1.0
2,214,1.0
2,215,1.0
2,216,1.0
2,217,1.0
2,218,1.0
2,219,1.0
2,220,1.0
2,221,1.0
2,222,1.0
2,223,1.0
2,224,1.0
2,225,1.0
2,226,1.0
2,227,1.0
2,228,1.0
2,229,1.0
2,230,1.0
2,231,1.0
2,232,1.0
2,233,1.0
2,234,1.0
2,235,1.0
2,236,1.0
2,237,1.0
2,238,1.0
2,239,1.0
2,240,1.0
2,241,1.0
2,242,1.0
2,243,1.0
2,244,1.0
2,245,1.0
2,246,1.0
2,247,1.0
2,248,1.0
2,249,1.0
2,250,1.0
2,251,1.0
2,252,1.0
2,253,1.0
2,254,1.0
2,255,1.0
2,256,1.0
2,257,1.0
2,258,1.0
2,259,1.0
2,260,1.0
2,261,1.0
2,262,1.0
2,263,1.0
2,264,1.0
2,265,1.0
2,266,1.0
2,267,1.0
2,268,1.0
2,269,1.0
2,270,1.0
2,271,1.0
2,272,1.0
2,273,1.0
2,274,1.0
2,275,1.0
2,276,1.0
2,277,1.0
2,278,1.0
2,279,1.0
2,280,1.0
2,281,1.0
2,282,1.0
2,283,1.0
2,284,1.0
2,285,1.0
2,286,1.0
2,287,1.0
2,288,1.0
2,289,1.0
2,290,1.0
2,291,1.0
2,292,1.0
2,293,1.0
2,294,1.0
2,295,1.0
2,296,1.0
2,297,1.0
2,298,1.0
2,299,1.0
2,300,1.0
2,301,1.0
2,302,1.0
2,303,1.0
2,304,1.0
2,305,1.0
2,306,1.0
2,307,1.0
2,308,1.0
2,309,1.0
2,310,1.0
2,311,1.0
2,312,1.0
2,313,1.0
2,314,1.0
2,315,1.0
2,316,1.0
2,317,1.0
2,318,1.0
2,319,1.0
2,320,1.0
2,321,1.0
2,322,1.0
2,323,1.0
2,324,1.0
2,325,1.0
2,326,1.0
2,327,1.0
2,328,1.0
2,329,1.0
2,330,1.0
2,331,1.0
2,332,1.0
2,333,1.0
2,334,1.0
2,335,1.0
2,336,1.0
2,337,1.0
2,338,1.0
2,339,1.0
2,340,1.0
2,341,1.0
2,342,1.0
2,343,1.0
2,344,1.0
2,345,1.0
2,346,1.0
2,347,1.0
2,348,1.0
2,349,1.0
2,350,1.0
2,351,1.0
2,352,1.0
2,353,1.0
2,354,1.0
2,355,1.0
2,356,1.0
2,357,1.0
2,358,1.0
2,359,1.0
2,360,1.0
2,361,1.0
2,362,1.0
2,363,1.0
2,364,1.0
2,365,1.0
2,366,1.0
2,367,1.0
2,368,1.0
2,369,1.0
2,370,1.0
2,371,1.0
2,372,1.0
2,373,1.0
2,374,1.0
2,375,1.0
2,376,1.0
2,377,1.0
2,378,1.0
2,379,1.0
2,380,1.0
2,381,1.0
2,382,1.0
2,383,1.0
2,384,1.0
2,385,1.0
2,386,1.0
2,387,1.0
2,388,1.0
2,389,1.0
2,390,1.0
2,391,1.0
2,392,1.0
2,393,1.0
2,394,1.0
2,395,1.0
2,396,1.0
2,397,1.0
2,398,1.0
2,399,1.0
2,400,1.0
2,401,1.0
2,402,1.0
2,403,1.0
2,404,1.0
2,405,1.0
2,406,1.0
2,407,1.0
2,408,1.0
2,409,1.0
2,410,1.0
2,411,1.0
2,412,1.0
2,413,1.0
2,414,1.0
2,415,1.0
2,416,1.0
2,417,1.0
2,418,1.0
2,419,1.0
2,420,1.0
2,421,1.0
2,422,1.0
2,423,1.0
2,424,1.0
2,425,1.0
2,426,1.0
2,427,1.0
2,428,1.0
2,429,1.0
2,430,1.0
2,431,1.0
2,432,1.0
2,433,1.0
2,434,1.0
2,435,1.0
2,436,1.0
2,437,1.0
2,438,1.0
2,439,1.0
2,440,1.0
2,441,1.0
2,442,1.0
2,443,1.0
2,444,1.0
2,445,1.0
2,446,1.0
2,447,1.0
2,448,1.0
2,449,1.0
2,450,1.0
2,451,1.0
2,452,1.0
2,453,1.0
2,454,1.0
2,455,1.0
2,456,1.0
2,457,1.0
2,458,1.0
2,459,1.0
2,460,1.0
2,461,1.0
2,462,1.0
2,463,1.0
2,464,1.0
2,465,1.0
2,466,1.0
2,467,1.0
2,468,1.0
2,469,1.0
2,470,1.0
2,471,1.0
2,472,1.0
2,473,1.0
2,474,1.0
2,475,1.0
2,476,1.0
2,477,1.0
2,478,1.0
2,479,1.0
2,480,1.0
2,481,1.0
2,482,1.0
2,483,1.0
2,484,1.0
2,485,1.0
2,486,1.0
2,487,1.0
2,488,1.0
2,489,1.0
2,490,1.0
2,491,1.0
2,492,1.0
2,493,1.0
2,494,1.0
2,495,1.0
2,496,1.0
2,497,1.0
2,498,1.0
2,499,1.0
2,500,1.0
2,501,1.0
2,502,1.0
2,503,1.0
2,504,1.0
2,505,1.0
2,506,1.0
2,507,1.0
2,508,1.0
2,509,1.0
2,510,1.0
2,511,1.0
2,512,1.0
2,513,1.0
2,514,1.0
2,515,1.0
2,516,1.0
2,517,1.0
2,518,1.0
2,519,1.0
2,520,1.0
2,521,1.0
2,522,1.0
2,523,1.0
2,524,1.0
2,525,1.0
2,526,1.0
2,527,1.0
2,528,1.0
2,529,1.0
2,530,1.0
2,531,1.0
2,532,1.0
2,533,1.0
2,534,1.0
2,535,1.0
2,536,1.0
2,537,1.0
2,538,1.0
2,539,1.0
2,540,1.0
2,541,1.0
2,542,1.0
2,543,1.0
2,544,1.0
2,545,1.0
2,546,1.0
2,547,1.0
2,548,1.0
2,549,1.0
2,550,1.0
2,551,1.0
2,552,1.0
2,553,1.0
2,554,1.0
2,555,1.0
2,556,1.0
2,557,1.0
2,558,1.0
2,559,1.0
2,560,1.0
2,561,1.0
2,562,1.0
2,563,1.0
2,564,1.0
2,565,1.0
2,566,1.0
2,567,1.0
2,568,1.0
2,569,1.0
2,570,1.0
2,571,1.0
2,572,1.0
2,573,1.0
2,574,1.0
2,575,1.0
2,576,1.0
2,577,1.0
2,578,1.0
2,579,1.0
2,580,1.0
2,581,1.0
2,582,1.0
2,583,1.0
2,584,1.0
2,585,1.0
2,586,1.0
2,587,1.0
2,588,1.0
2,589,1.0
2,590,1.0
2,591,1.0
2,592,1.0
2,593,1.0
2,594,1.0
2,595,1.0
2,596,1.0
2,597,1.0
2,598,1.0
2,599,1.0
2,600,1.0
2,601,1.0
2,602,1.0
2,603,1.0
2,604,1.0
2,605,1.0
2,606,1.0
2,607,1.0
2,608,1.0
2,609,1.0
2,610,1.0
2,611,1.0
2,612,1.0
2,613,1.0
2,614,1.0
2,615,1.0
2,616,1.0
2,617,1.0
2,618,1.0
2,619,1.0
2,620,1.0
2,621,1.0
2,622,1.0
2,623,1.0
2,624,1.0
2,625,1.0
2,626,1.0
2,627,1.0
2,628,1.0
2,629,1.0
2,630,1.0
2,631,1.0
2,632,1.0
2,633,1.0
2,634,1.0
2,635,1.0
2,636,1.0
2,637,1.0
2,638,1.0
2,639,1.0
2,640,1.0
2,641,1.0
2,642,1.0
2,643,1.0
2,644,1.0
2,645,1.0
2,646,1.0
2,647,1.0
2,648,1.0
2,649,1.0
2,650,1.0
2,651,1.0
2,652,1.0
2,653,1.0
2,654,1.0
2,655,1.0
2,656,1.0
2,657,1.0
2,658,1.0
2,659,1.0
2,660,1.0
2,661,1.0
2,662,1.0
2,663,1.0
2,664,1.0
2,665,1.0
2,666,1.0
2,667,1.0
2,668,1.0
2,669,1.0
2,670,1.0
2,671,1.0
2,672,1.0
2,673,1.0
2,674,1.0
2,675,1.0
2,676,1.0
2,677,1.0
2,678,1.0
2,679,1.0
2,680,1.0
2,681,1.0
2,682,1.0
2,683,1.0
2,684,1.0
2,685,1.0
2,686,1.0
2,687,1.0
2,688,1.0
2,689,1.0
2,690,1.0
2,691,1.0
2,692,1.0
2,693,1.0
2,694,1.0
2,695,1.0
2,696,1.0
2,697,1.0
2,698,1.0
2,699,1.0
2,700,1.0
2,701,1.0
2,702,1.0
2,703,1.0
2,704,1.0
2,705,1.0
2,706,1.0
2,707,1.0
2,708,1.0
2,709,1.0
2,710,1.0
2,711,1.0
2,712,1.0
2,713,1.0
2,714,1.0
2,715,1.0
2,716,1.0
2,717,1.0
2,718,1.0
2,719,1.0
2,720,1.0
2,721,1.0
2,722,1.0
2,723,1.0
2,724,1.0
2,725,1.0
2,726,1.0
2,727,1.0
2,728,1.0
2,729,1.0
2,730,1.0
2,731,1.0
2,732,1.0
2,733,1.0
2,734,1.0
2,735,1.0
2,736,1.0
2,737,1.0
2,738,1.0
2,739,1.0
2,740,1.0
2,741,1.0
2,742,1.0
2,743,1.0
2,744,1.0
2,745,1.0
2,746,1.0
2,747,1.0
2,748,1.0
2,749,1.0
2,750,1.0
2,751,1.0
2,752,1.0
2,753,1.0
2,754,1.0
2,755,1.0
2,756,1.0
2,757,1.0
2,758,1.0
2,759,1.0
2,760,1.0
2,761,1.0
2,762,1.0
2,763,1.0
2,764,1.0
2,765,1.0
2,766,1.0
2,767,1.0
2,768,1.0
2,769,1.0
2,770,1.0
2,771,1.0
2,772,1.0
2,773,1.0
2,774,1.0
2,775,1.0
2,776,1.0
2,777,1.0
2,778,1.0
2,779,1.0
2,780,1.0
2,781,1.0
2,782,1.0
2,783,1.0
2,784,1.0
2,785,1.0
2,786,1.0
2,787,1.0
2,788,1.0
2,789,1.0
2,790,1.0
2,791,1.0
2,792,1.0
2,793,1.0
2,794,1.0
2,795,1.0
2,796,1.0
2,797,1.0
2,798,1.0
2,799,1.0
2,800,1.0
2,801,1.0
2,802,1.0
2,803,1.0
2,804,1.0
2,805,1.0
2,806,1.0
2,807,1.0
2,808,1.0
2,809,1.0
2,810,1.0
2,811,1.0
2,812,1.0
2,813,1.0
2,814,1.0
2,815,1.0
2,816,1.0
2,817,1.0
2,818,1.0
2,819,1.0
2,820,1.0
2,821,1.0
2,822,1.0
2,823,1.0
2,824,1.0
2,825,1.0
2,826,1.0
2,827,1.0
2,828,1.0
2,829,1.0
2,830,1.0
2,831,1.0
2,832,1.0
2,833,1.0
2,834,1.0
2,835,1.0
2,836,1.0
2,837,1.0
2,838,1.0
2,839,1.0
2,840,1.0
2,841,1.0
2,842,1.0
2,843,1.0
2,844,1.0
2,845,1.0
2,846,1.0
2,847,1.0
2,848,1.0
2,849,1.0
2,850,1.0
2,851,1.0
2,852,1.0
2,853,1.0
2,854,1.0
2,855,1.0
2,856,1.0
2,857,1.0
2,858,1.0
2,859,1.0
2,860,1.0
2,861,1.0
2,862,1.0
2,863,1.0
2,864,1.0
2,865,1.0
2,866,1.0
2,867,1.0
2,868,1.0
2,869,1.0
2,870,1.0
2,871,1.0
2,872,1.0
2,873,1.0
2,874,1.0
2,875,1.0
2,876,1.0
2,877,1.0
2,878,1.0
2,879,1.0
2,880,1.0
2,881,1.0
2,882,1.0
2,883,1.0
2,884,1.0
2,885,1.0
2,886,1.0
2,887,1.0
2,888,1.0
2,889,1.0
2,890,1.0
2,891,1.0
2,892,1.0
2,893,1.0
2,894,1.0
2,895,1.0
2,896,1.0
2,897,1.0
2,898,1.0
2,899,1.0
2,900,1.0
2,901,1.0
2,902,1.0
2,903,1.0
2,904,1.0
2,905,1.0
2,906,1.0
2,907,1.0
2,908,1.0
2,909,1.0
2,910,1.0
2,911,1.0
2,912,1.0
2,913,1.0
2,914,1.0
2,915,1.0
2,916,1.0
2,917,1.0
2,918,1.0
2,919,1.0
2,920,1.0
2,921,1.0
2,922,1.0
2,923,1.0
2,924,1.0
2,925,1.0
2,926,1.0
2,927,1.0
2,928,1.0
2,929,1.0
2,930,1.0
2,931,1.0
2,932,1.0
2,933,1.0
2,934,1.0
2,935,1.0
2,936,1.0
2,937,1.0
2,938,1.0
2,939,1.0
2,940,1.0
2,941,1.0
2,942,1.0
2,943,1.0
2,944,1.0
2,945,1.0
2,946,1.0
2,947,1.0
2,948,1.0
2,949,1.0
2,950,1.0
2,951,1.0
2,952,1.0
2,953,1.0
2,954,1.0
2,955,1.0
2,956,1.0
2,957,1.0
2,958,1.0
2,959,1.0
2,960,1.0
2,961,1.0
2,962,1.0
2,963,1.0
2,964,1.0
2,965,1.0
2,966,1.0
2,967,1.0
2,968,1.0
2,969,1.0
2,970,1.0
2,971,1.0
2,972,1.0
2,973,1.0
2,974,1.0
2,975,1.0
2,976,1.0
2,977,1.0
2,978,1.0
2,979,1.0
2,980,1.0
2,981,1.0
2,982,1.0
2,983,1.0
2,984,1.0
2,985,1.0
2,986,1.0
2,987,1.0
2,988,1.0
2,989,1.0
2,990,1.0
2,991,1.0
2,992,1.0
2,993,1.0
2,994,1.0
2,995,1.0
2,996,1.0
2,997,1.0
2,998,1.0
2,999,1.0
2,1000,1.0
2,1001,1.0
2,1002,1.0
2,1003,1.0
2,1004,1.0
2,1005,1.0
2,1006,1.0
2,1007,1.0
2,1008,1.0
2,1009,1.0
2,1010,1.0
2,1011,1.0
2,1012,1.0
2,1013,1.0
2,1014,1.0
2,1015,1.0
2,1016,1.0
2,1017,1.0
2,1018,1.0
2,1019,1.0
2,1020,1.0
2,1021,1.0
2,1022,1.0
2,1023,1.0
2,1024,1.0
2,1025,1.0
2,1026,1.0
2,1027,1.0
2,1028,1.0
2,1029,1.0
2,1030,1.0
2,1031,1.0
2,1032,1.0
2,1033,1.0
2,1034,1.0
2,1035,1.0
2,1036,1.0
2,1037,1.0
2,1038,1.0
2,1039,1.0
2,1040,1.0
2,1041,1.0
2,1042,1.0
2,1043,1.0
2,1044,1.0
2,1045,1.0
2,1046,1.0
2,1047,1.0
2,1048,1.0
2,1049,1.0
2,1050,1.0
2,1051,1.0
2,1052,1.0
2,1053,1.0
2,1054,1.0
2,1055,1.0
2,1056,1.0
2,1057,1.0
2,1058,1.0
2,1059,1.0
2,1060,1.0
2,1061,1.0
2,1062,1.0
2,1063,1.0
2,1064,1.0
2,1065,1.0
2,1066,1.0
2,1067,1.0
2,1068,1.0
2,1069,1.0
2,1070,1.0
2,1071,1.0
2,1072,1.0
2,1073,1.0
2,1074,1.0
2,1075,1.0
2,1076,1.0
2,1077,1.0
2,1078,1.0
2,1079,1.0
2,1080,1.0
2,1081,1.0
2,1082,1.0
2,1083,1.0
2,1084,1.0
2,1085,1.0
2,1086,1.0
2,1087,1.0
2,1088,1.0
2,1089,1.0
2,1090,1.0
2,1091,1.0
2,1092,1.0
2,1093,1.0
2,1094,1.0
2,1095,1.0
2,1096,1.0
2,1097,1.0
2,1098,1.0
2,1099,1.0
2,1100,1.0
2,1101,1.0
2,1102,1.0
2,1103,1.0
2,1104,1.0
2,1105,1.0
2,1106,1.0
2,1107,1.0
2,1108,1.0
2,1109,1.0
2,1110,1.0
2,1111,1.0
2,1112,1.0
2,1113,1.0
2,1114,1.0
2,1115,1.0
2,1116,1.0
2,1117,1.0
2,1118,1.0
2,1119,1.0
2,1120,1.0
2,1121,1.0
2,1122,1.0
2,1123,1.0
2,1124,1.0
2,1125,1.0
2,1126,1.0
2,1127,1.0
2,1128,1.0
2,1129,1.0
2,1130,1.0
2,1131,1.0
2,1132,1.0
2,1133,1.0
2,1134,1.0
2,1135,1.0
2,1136,1.0
2,1137,1.0
2,1138,1.0
2,1139,1.0
2,1140,1.0
2,1141,1.0
2,1142,1.0
2,1143,1.0
2,1144,1.0
2,1145,1.0
2,1146,1.0
2,1147,1.0
2,1148,1.0
2,1149,1.0
2,1150,1.0
2,1151,1.0
2,1152,1.0
2,1153,1.0
2,1154,1.0
2,1155,1.0
2,1156,1.0
2,1157,1.0
2,1158,1.0
2,1159,1.0
2,1160,1.0
2,1161,1.0
2,1162,1.0
2,1163,1.0
2,1164,1.0
2,1165,1.0
2,1166,1.0
2,1167,1.0
2,1168,1.0
2,1169,1.0
2,1170,1.0
2,1171,1.0
2,1172,1.0
2,1173,1.0
2,1174,1.0
2,1175,1.0
2,1176,1.0
2,1177,1.0
2,1178,1.0
2,1179,1.0
2,1180,1.0
2,1181,1.0
2,1182,1.0
2,1183,1.0
2,1184,1.0
2,1185,1.0
2,1186,1.0
2,1187,1.0
2,1188,1.0
2,1189,1.0
2,1190,1.0
2,1191,1.0
2,1192,1.0
2,1193,1.0
2,1194,1.0
2,1195,1.0
2,1196,1.0
2,1197,1.0
2,1198,1.0
2,1199,1.0
2,1200,1.0
2,1201,1.0
2,1202,1.0
2,1203,1.0
2,1204,1.0
2,1205,1.0
2,1206,1.0
2,1207,1.0
2,1208,1.0
2,1209,1.0
2,1210,1.0
2,1211,1.0
2,1212,1.0
2,1213,1.0
2,1214,1.0
2,1215,1.0
2,1216,1.0
2,1217,1.0
2,1218,1.0
2,1219,1.0
2,1220,1.0
2,1221,1.0
2,1222,1.0
2,1223,1.0
2,1224,1.0
2,1225,1.0
2,1226,1.0
2,1227,1.0
2,1228,1.0
2,1229,1.0
2,1230,1.0
2,1231,1.0
2,1232,1.0
2,1233,1.0
2,1234,1.0
2,1235,1.0
2,1236,1.0
2,1237,1.0
2,1238,1.0
2,1239,1.0
2,1240,1.0
2,1241,1.0
2,1242,1.0
2,1243,1.0
2,1244,1.0
2,1245,1.0
2,1246,1.0
2,1247,1.0
2,1248,1.0
2,1249,1.0
2,1250,1.0
3,1,1.0
3,2,1.0
3,3,1.0
3,4,1.0
3,5,1.0
3,6,1.0
3,7,1.0
3,8,1.0
3,9,1.0
3,10,1.0
3,11,1.0
3,12,1.0
3,13,1.0
3,14,1.0
3,15,1.0
3,16,1.0
3,17,1.0
3,18,1.0
3,19,1.0
3,20,1.0
3,21,1.0
3,22,1.0
3,23,1.0
3,24,1.0
3,25,1.0
3,26,1.0
3,27,1.0
3,28,1.0
3,29,1.0
3,30,1.0
3,31,1.0
3,32,1.0
3,33,1.0
3,34,1.0
3,35,1.0
3,36,1.0
3,37,1.0
3,38,1.0
3,39,1.0
3,40,1.0
3,41,1.0
3,42,1.0
3,43,1.0
3,44,1.0
3,45,1.0
3,46,1.0
3,47,1.0
3,48,1.0
3,49,1.0
3,50,1.0
3,51,1.0
3,52,1.0
3,53,1.0
3,54,1.0
3,55,1.0
3,56,1.0
3,57,1.0
3,58,1.0
3,59,1.0
3,60,1.0
3,61,1.0
3,62,1.0
3,63,1.0
3,64,1.0
3,65,1.0
3,66,1.0
3,67,1.0
3,68,1.0
3,69,1.0
3,70,1.0
3,71,1.0
3,72,1.0
3,73,1.0
3,74,1.0
3,75,1.0
3,76,1.0
3,77,1.0
3,78,1.0
3,79,1.0
3,80,1.0
3,81,1.0
3,82,1.0
3,83,1.0
3,84,1.0
3,85,1.0
3,86,1.0
3,87,1.0
3,88,1.0
3,89,1.0
3,90,1.0
3,91,1.0
3,92,1.0
3,93,1.0
3,94,1.0
3,95,1.0
3,96,1.0
3,97,1.0
3,98,1.0
3,99,1.0
3,100,1.0
3,101,1.0
3,102,1.0
3,103,1.0
3,104,1.0
3,105,1.0
3,106,1.0
3,107,1.0
3,108,1.0
3,109,1.0
3,110,1.0
3,111,1.0
3,112,1.0
3,113,1.0
3,114,1.0
3,115,1.0
3,116,1.0
3,117,1.0
3,118,1.0
3,119,1.0
3,120,1.0
3,121,1.0
3,122,1.0
3,123,1.0
3,124,1.0
3,125,1.0
3,126,1.0
3,127,1.0
3,128,1.0
3,129,1.0
3,130,1.0
3,131,1.0
3,132,1.0
3,133,1.0
3,134,1.0
3,135,1.0
3,136,1.0
3,137,1.0
3,138,1.0
3,139,1.0
3,140,1.0
3,141,1.0
3,142,1.0
3,143,1.0
3,144,1.0
3,145,1.0
3,146,1.0
3,147,1.0
3,148,1.0
3,149,1.0
3,150,1.0
3,151,1.0
3,152,1.0
3,153,1.0
3,154,1.0
3,155,1.0
3,156,1.0
3,157,1.0
3,158,1.0
3,159,1.0
3,160,1.0
3,161,1.0
3,162,1.0
3,163,1.0
3,164,1.0
3,165,1.0
3,166,1.0
3,167,1.0
3,168,1.0
3,169,1.0
3,170,1.0
3,171,1.0
3,172,1.0
3,173,1.0
3,174,1.0
3,175,1.0
3,176,1.0
3,177,1.0
3,178,1.0
3,179,1.0
3,180,1.0
3,181,1.0
3,182,1.0
3,183,1.0
3,184,1.0
3,185,1.0
3,186,1.0
3,187,1.0
3,188,1.0
3,189,1.0
3,190,1.0
3,191,1.0
3,192,1.0
3,193,1.0
3,194,1.0
3,195,1.0
3,196,1.0
3,197,1.0
3,198,1.0
3,199,1.0
3,200,1.0
3,201,1.0
3,202,1.0
3,203,1.0
3,204,1.0
3,205,1.0
3,206,1.0
3,207,1.0
3,208,1.0
3,209,1.0
3,210,1.0
3,211,1.0
3,212,1.0
3,213,1.0
3,214,1.0
3,215,1.0
3,216,1.0
3,217,1.0
3,218,1.0
3,219,1.0
3,220,1.0
3,221,1.0
3,222,1.0
3,223,1.0
3,224,1.0
3,225,1.0
3,226,1.0
3,227,1.0
3,228,1.0
3,229,1.0
3,230,1.0
3,231,1.0
3,232,1.0
3,233,1.0
3,234,1.0
3,235,1.0
3,236,1.0
3,237,1.0
3,238,1.0
3,239,1.0
3,240,1.0
3,241,1.0
3,242,1.0
3,243,1.0
3,244,1.0
3,245,1.0
3,246,1.0
3,247,1.0
3,248,1.0
3,249,1.0
3,250,1.0
3,251,1.0
3,252,1.0
3,253,1.0
3,254,1.0
3,255,1.0
3,256,1.0
3,257,1.0
3,258,1.0
3,259,1.0
3,260,1.0
3,261,1.0
3,262,1.0
3,263,1.0
3,264,1.0
3,265,1.0
3,266,1.0
3,267,1.0
3,268,1.0
3,269,1.0
3,270,1.0
3,271,1.0
3,272,1.0
3,273,1.0
3,274,1.0
3,275,1.0
3,276,1.0
3,277,1.0
3,278,1.0
3,279,1.0
3,280,1.0
3,281,1.0
3,282,1.0
3,283,1.0
3,284,1.0
3,285,1.0
3,286,1.0
3,287,1.0
3,288,1.0
3,289,1.0
3,290,1.0
3,291,1.0
3,292,1.0
3,293,1.0
3,294,1.0
3,295,1.0
3,296,1.0
3,297,1.0
3,298,1.0
3,299,1.0
3,300,1.0
3,301,1.0
3,302,1.0
3,303,1.0
3,304,1.0
3,305,1.0
3,306,1.0
3,307,1.0
3,308,1.0
3,309,1.0
3,310,1.0
3,311,1.0
3,312,1.0
3,313,1.0
3,314,1.0
3,315,1.0
3,316,1.0
3,317,1.0
3,318,1.0
3,319,1.0
3,320,1.0
3,321,1.0
3,322,1.0
3,323,1.0
3,324,1.0
3,325,1.0
3,326,1.0
3,327,1.0
3,328,1.0
3,329,1.0
3,330,1.0
3,331,1.0
3,332,1.0
3,333,1.0
3,334,1.0
3,335,1.0
3,336,1.0
3,337,1.0
3,338,1.0
3,339,1.0
3,340,1.0
3,341,1.0
3,342,1.0
3,343,1.0
3,344,1.0
3,345,1.0
3,346,1.0
3,347,1.0
3,348,1.0
3,349,1.0
3,350,1.0
3,351,1.0
3,352,1.0
3,353,1.0
3,354,1.0
3,355,1.0
3,356,1.0
3,357,1.0
3,358,1.0
3,359,1.0
3,360,1.0
3,361,1.0
3,362,1.0
3,363,1.0
3,364,1.0
3,365,1.0
3,366,1.0
3,367,1.0
3,368,1.0
3,369,1.0
3,370,1.0
3,371,1.0
3,372,1.0
3,373,1.0
3,374,1.0
3,375,1.0
3,376,1.0
3,377,1.0
3,378,1.0
3,379,1.0
3,380,1.0
3,381,1.0
3,382,1.0
3,383,1.0
3,384,1.0
3,385,1.0
3,386,1.0
3,387,1.0
3,388,1.0
3,389,1.0
3,390,1.0
3,391,1.0
3,392,1.0
3,393,1.0
3,394,1.0
3,395,1.0
3,396,1.0
3,397,1.0
3,398,1.0
3,399,1.0
3,400,1.0
3,401,1.0
3,402,1.0
3,403,1.0
3,404,1.0
3,405,1.0
3,406,1.0
3,407,1.0
3,408,1.0
3,409,1.0
3,410,1.0
3,411,1.0
3,412,1.0
3,413,1.0
3,414,1.0
3,415,1.0
3,416,1.0
3,417,1.0
3,418,1.0
3,419,1.0
3,420,1.0
3,421,1.0
3,422,1.0
3,423,1.0
3,424,1.0
3,425,1.0
3,426,1.0
3,427,1.0
3,428,1.0
3,429,1.0
3,430,1.0
3,431,1.0
3,432,1.0
3,433,1.0
3,434,1.0
3,435,1.0
3,436,1.0
3,437,1.0
3,438,1.0
3,439,1.0
3,440,1.0
3,441,1.0
3,442,1.0
3,443,1.0
3,444,1.0
3,445,1.0
3,446,1.0
3,447,1.0
3,448,1.0
3,449,1.0
3,450,1.0
3,451,1.0
3,452,1.0
3,453,1.0
3,454,1.0
3,455,1.0
3,456,1.0
3,457,1.0
3,458,1.0
3,459,1.0
3,460,1.0
3,461,1.0
3,462,1.0
3,463,1.0
3,464,1.0
3,465,1.0
3,466,1.0
3,467,1.0
3,468,1.0
3,469,1.0
3,470,1.0
3,471,1.0
3,472,1.0
3,473,1.0
3,474,1.0
3,475,1.0
3,476,1.0
3,477,1.0
3,478,1.0
3,479,1.0
3,480,1.0
3,481,1.0
3,482,1.0
3,483,1.0
3,484,1.0
3,485,1.0
3,486,1.0
3,487,1.0
3,488,1.0
3,489,1.0
3,490,1.0
3,491,1.0
3,492,1.0
3,493,1.0
3,494,1.0
3,495,1.0
3,496,1.0
3,497,1.0
3,498,1.0
3,499,1.0
3,500,1.0
3,501,1.0
3,502,1.0
3,503,1.0
3,504,1.0
3,505,1.0
3,506,1.0
3,507,1.0
3,508,1.0
3,509,1.0
3,510,1.0
3,511,1.0
3,512,1.0
3,513,1.0
3,514,1.0
3,515,1.0
3,516,1.0
3,517,1.0
3,518,1.0
3,519,1.0
3,520,1.0
3,521,1.0
3,522,1.0
3,523,1.0
3,524,1.0
3,525,1.0
3,526,1.0
3,527,1.0
3,528,1.0
3,529,1.0
3,530,1.0
3,531,1.0
3,532,1.0
3,533,1.0
3,534,1.0
3,535,1.0
3,536,1.0
3,537,1.0
3,538,1.0
3,539,1.0
3,540,1.0
3,541,1.0
3,542,1.0
3,543,1.0
3,544,1.0
3,545,1.0
3,546,1.0
3,547,1.0
3,548,1.0
3,549,1.0
3,550,1.0
3,551,1.0
3,552,1.0
3,553,1.0
3,554,1.0
3,555,1.0
3,556,1.0
3,557,1.0
3,558,1.0
3,559,1.0
3,560,1.0
3,561,1.0
3,562,1.0
3,563,1.0
3,564,1.0
3,565,1.0
3,566,1.0
3,567,1.0
3,568,1.0
3,569,1.0
3,570,1.0
3,571,1.0
3,572,1.0
3,573,1.0
3,574,1.0
3,575,1.0
3,576,1.0
3,577,1.0
3,578,1.0
3,579,1.0
3,580,1.0
3,581,1.0
3,582,1.0
3,583,1.0
3,584,1.0
3,585,1.0
3,586,1.0
3,587,1.0
3,588,1.0
3,589,1.0
3,590,1.0
3,591,1.0
3,592,1.0
3,593,1.0
3,594,1.0
3,595,1.0
3,596,1.0
3,597,1.0
3,598,1.0
3,599,1.0
3,600,1.0
3,601,1.0
3,602,1.0
3,603,1.0
3,604,1.0
3,605,1.0
3,606,1.0
3,607,1.0
3,608,1.0
3,609,1.0
3,610,1.0
3,611,1.0
3,612,1.0
3,613,1.0
3,614,1.0
3,615,1.0
3,616,1.0
3,617,1.0
3,618,1.0
3,619,1.0
3,620,1.0
3,621,1.0
3,622,1.0
3,623,1.0
3,624,1.0
3,625,1.0
3,626,1.0
3,627,1.0
3,628,1.0
3,629,1.0
3,630,1.0
3,631,1.0
3,632,1.0
3,633,1.0
3,634,1.0
3,635,1.0
3,636,1.0
3,637,1.0
3,638,1.0
3,639,1.0
3,640,1.0
3,641,1.0
3,642,1.0
3,643,1.0
3,644,1.0
3,645,1.0
3,646,1.0
3,647,1.0
3,648,1.0
3,649,1.0
3,650,1.0
3,651,1.0
3,652,1.0
3,653,1.0
3,654,1.0
3,655,1.0
3,656,1.0
3,657,1.0
3,658,1.0
3,659,1.0
3,660,1.0
3,661,1.0
3,662,1.0
3,663,1.0
3,664,1.0
3,665,1.0
3,666,1.0
3,667,1.0
3,668,1.0
3,669,1.0
3,670,1.0
3,671,1.0
3,672,1.0
3,673,1.0
3,674,1.0
3,675,1.0
3,676,1.0
3,677,1.0
3,678,1.0
3,679,1.0
3,680,1.0
3,681,1.0
3,682,1.0
3,683,1.0
3,684,1.0
3,685,1.0
3,686,1.0
3,687,1.0
3,688,1.0
3,689,1.0
3,690,1.0
3,691,1.0
3,692,1.0
3,693,1.0
3,694,1.0
3,695,1.0
3,696,1.0
3,697,1.0
3,698,1.0
3,699,1.0
3,700,1.0
3,701,1.0
3,702,1.0
3,703,1.0
3,704,1.0
3,705,1.0
3,706,1.0
3,707,1.0
3,708,1.0
3,709,1.0
3,710,1.0
3,711,1.0
3,712,1.0
3,713,1.0
3,714,1.0
3,715,1.0
3,716,1.0
3,717,1.0
3,718,1.0
3,719,1.0
3,720,1.0
3,721,1.0
3,722,1.0
3,723,1.0
3,724,1.0
3,725,1.0
3,726,1.0
3,727,1.0
3,728,1.0
3,729,1.0
3,730,1.0
3,731,1.0
3,732,1.0
3,733,1.0
3,734,1.0
3,735,1.0
3,736,1.0
3,737,1.0
3,738,1.0
3,739,1.0
3,740,1.0
3,741,1.0
3,742,1.0
3,743,1.0
3,744,1.0
3,745,1.0
3,746,1.0
3,747,1.0
3,748,1.0
3,749,1.0
3,750,1.0
3,751,1.0
3,752,1.0
3,753,1.0
3,754,1.0
3,755,1.0
3,756,1.0
3,757,1.0
3,758,1.0
3,759,1.0
3,760,1.0
3,761,1.0
3,762,1.0
3,763,1.0
3,764,1.0
3,765,1.0
3,766,1.0
3,767,1.0
3,768,1.0
3,769,1.0
3,770,1.0
3,771,1.0
3,772,1.0
3,773,1.0
3,774,1.0
3,775,1.0
3,776,1.0
3,777,1.0
3,778,1.0
3,779,1.0
3,780,1.0
3,781,1.0
3,782,1.0
3,783,1.0
3,784,1.0
3,785,1.0
3,786,1.0
3,787,1.0
3,788,1.0
3,789,1.0
3,790,1.0
3,791,1.0
3,792,1.0
3,793,1.0
3,794,1.0
3,795,1.0
3,796,1.0
3,797,1.0
3,798,1.0
3,799,1.0
3,800,1.0
3,801,1.0
3,802,1.0
3,803,1.0
3,804,1.0
3,805,1.0
3,806,1.0
3,807,1.0
3,808,1.0
3,809,1.0
3,810,1.0
3,811,1.0
3,812,1.0
3,813,1.0
3,814,1.0
3,815,1.0
3,816,1.0
3,817,1.0
3,818,1.0
3,819,1.0
3,820,1.0
3,821,1.0
3,822,1.0
3,823,1.0
3,824,1.0
3,825,1.0
3,826,1.0
3,827,1.0
3,828,1.0
3,829,1.0
3,830,1.0
3,831,1.0
3,832,1.0
3,833,1.0
3,834,1.0
3,835,1.0
3,836,1.0
3,837,1.0
3,838,1.0
3,839,1.0
3,840,1.0
3,841,1.0
3,842,1.0
3,843,1.0
3,844,1.0
3,845,1.0
3,846,1.0
3,847,1.0
3,848,1.0
3,849,1.0
3,850,1.0
3,851,1.0
3,852,1.0
3,853,1.0
3,854,1.0
3,855,1.0
3,856,1.0
3,857,1.0
3,858,1.0
3,859,1.0
3,860,1.0
3,861,1.0
3,862,1.0
3,863,1.0
3,864,1.0
3,865,1.0
3,866,1.0
3,867,1.0
3,868,1.0
3,869,1.0
3,870,1.0
3,871,1.0
3,872,1.0
3,873,1.0
3,874,1.0
3,875,1.0
3,876,1.0
3,877,1.0
3,878,1.0
3,879,1.0
3,880,1.0
3,881,1.0
3,882,1.0
3,883,1.0
3,884,1.0
3,885,1.0
3,886,1.0
3,887,1.0
3,888,1.0
3,889,1.0
3,890,1.0
3,891,1.0
3,892,1.0
3,893,1.0
3,894,1.0
3,895,1.0
3,896,1.0
3,897,1.0
3,898,1.0
3,899,1.0
3,900,1.0
3,901,1.0
3,902,1.0
3,903,1.0
3,904,1.0
3,905,1.0
3,906,1.0
3,907,1.0
3,908,1.0
3,909,1.0
3,910,1.0
3,911,1.0
3,912,1.0
3,913,1.0
3,914,1.0
3,915,1.0
3,916,1.0
3,917,1.0
3,918,1.0
3,919,1.0
3,920,1.0
3,921,1.0
3,922,1.0
3,923,1.0
3,924,1.0
3,925,1.0
3,926,1.0
3,927,1.0
3,928,1.0
3,929,1.0
3,930,1.0
3,931,1.0
3,932,1.0
3,933,1.0
3,934,1.0
3,935,1.0
3,936,1.0
3,937,1.0
3,938,1.0
3,939,1.0
3,940,1.0
3,941,1.0
3,942,1.0
3,943,1.0
3,944,1.0
3,945,1.0
3,946,1.0
3,947,1.0
3,948,1.0
3,949,1.0
3,950,1.0
3,951,1.0
3,952,1.0
3,953,1.0
3,954,1.0
3,955,1.0
3,956,1.0
3,957,1.0
3,958,1.0
3,959,1.0
3,960,1.0
3,961,1.0
3,962,1.0
3,963,1.0
3,964,1.0
3,965,1.0
3,966,1.0
3,967,1.0
3,968,1.0
3,969,1.0
3,970,1.0
3,971,1.0
3,972,1.0
3,973,1.0
3,974,1.0
3,975,1.0
3,976,1.0
3,977,1.0
3,978,1.0
3,979,1.0
3,980,1.0
3,981,1.0
3,982,1.0
3,983,1.0
3,984,1.0
3,985,1.0
3,986,1.0
3,987,1.0
3,988,1.0
3,989,1.0
3,990,1.0
3,991,1.0
3,992,1.0
3,993,1.0
3,994,1.0
3,995,1.0
3,996,1.0
3,997,1.0
3,998,1.0
3,999,1.0
3,1000,1.0
3,1001,1.0
3,1002,1.0
3,1003,1.0
3,1004,1.0
3,1005,1.0
3,1006,1.0
3,1007,1.0
3,1008,1.0
3,1009,1.0
3,1010,1.0
3,1011,1.0
3,1012,1.0
3,1013,1.0
3,1014,1.0
3,1015,1.0
3,1016,1.0
3,1017,1.0
3,1018,1.0
3,1019,1.0
3,1020,1.0
3,1021,1.0
3,1022,1.0
3,1023,1.0
3,1024,1.0
3,1025,1.0
3,1026,1.0
3,1027,1.0
3,1028,1.0
3,1029,1.0
3,1030,1.0
3,1031,1.0
3,1032,1.0
3,1033,1.0
3,1034,1.0
3,1035,1.0
3,1036,1.0
3,1037,1.0
3,1038,1.0
3,1039,1.0
3,1040,1.0
3,1041,1.0
3,1042,1.0
3,1043,1.0
3,1044,1.0
3,1045,1.0
3,1046,1.0
3,1047,1.0
3,1048,1.0
3,1049,1.0
3,1050,1.0
3,1051,1.0
3,1052,1.0
3,1053,1.0
3,1054,1.0
3,1055,1.0
3,1056,1.0
3,1057,1.0
3,1058,1.0
3,1059,1.0
3,1060,1.0
3,1061,1.0
3,1062,1.0
3,1063,1.0
3,1064,1.0
3,1065,1.0
3,1066,1.0
3,1067,1.0
3,1068,1.0
3,1069,1.0
3,1070,1.0
3,1071,1.0
3,1072,1.0
3,1073,1.0
3,1074,1.0
3,1075,1.0
3,1076,1.0
3,1077,1.0
3,1078,1.0
3,1079,1.0
3,1080,1.0
3,1081,1.0
3,1082,1.0
3,1083,1.0
3,1084,1.0
3,1085,1.0
3,1086,1.0
3,1087,1.0
3,1088,1.0
3,1089,1.0
3,1090,1.0
3,1091,1.0
3,1092,1.0
3,1093,1.0
3,1094,1.0
3,1095,1.0
3,1096,1.0
3,1097,1.0
3,1098,1.0
3,1099,1.0
3,1100,1.0
3,1101,1.0
3,1102,1.0
3,1103,1.0
3,1104,1.0
3,1105,1.0
3,1106,1.0
3,1107,1.0
3,1108,1.0
3,1109,1.0
3,1110,1.0
3,1111,1.0
3,1112,1.0
3,1113,1.0
3,1114,1.0
3,1115,1.0
3,1116,1.0
3,1117,1.0
3,1118,1.0
3,1119,1.0
3,1120,1.0
3,1121,1.0
3,1122,1.0
3,1123,1.0
3,1124,1.0
3,1125,1.0
3,1126,1.0
3,1127,1.0
3,1128,1.0
3,1129,1.0
3,1130,1.0
3,1131,1.0
3,1132,1.0
3,1133,1.0
3,1134,1.0
3,1135,1.0
3,1136,1.0
3,1137,1.0
3,1138,1.0
3,1139,1.0
3,1140,1.0
3,1141,1.0
3,1142,1.0
3,1143,1.0
3,1144,1.0
3,1145,1.0
3,1146,1.0
3,1147,1.0
3,1148,1.0
3,1149,1.0
3,1150,1.0
3,1151,1.0
3,1152,1.0
3,1153,1.0
3,1154,1.0
3,1155,1.0
3,1156,1.0
3,1157,1.0
3,1158,1.0
3,1159,1.0
3,1160,1.0
3,1161,1.0
3,1162,1.0
3,1163,1.0
3,1164,1.0
3,1165,1.0
3,1166,1.0
3,1167,1.0
3,1168,1.0
3,1169,1.0
3,1170,1.0
3,1171,1.0
3,1172,1.0
3,1173,1.0
3,1174,1.0
3,1175,1.0
3,1176,1.0
3,1177,1.0
3,1178,1.0
3,1179,1.0
3,1180,1.0
3,1181,1.0
3,1182,1.0
3,1183,1.0
3,1184,1.0
3,1185,1.0
3,1186,1.0
3,1187,1.0
3,1188,1.0
3,1189,1.0
3,1190,1.0
3,1191,1.0
3,1192,1.0
3,1193,1.0
3,1194,1.0
3,1195,1.0
3,1196,1.0
3,1197,1.0
3,1198,1.0
3,1199,1.0
3,1200,1.0
3,1201,1.0
3,1202,1.0
3,1203,1.0
3,1204,1.0
3,1205,1.0
3,1206,1.0
3,1207,1.0
3,1208,1.0
3,1209,1.0
3,1210,1.0
3,1211,1.0
3,1212,1.0
3,1213,1.0
3,1214,1.0
3,1215,1.0
3,1216,1.0
3,1217,1.0
3,1218,1.0
3,1219,1.0
3,1220,1.0
3,1221,1.0
3,1222,1.0
3,1223,1.0
3,1224,1.0
3,1225,1.0
3,1226,1.0
3,1227,1.0
3,1228,1.0
3,1229,1.0
3,1230,1.0
3,1231,1.0
3,1232,1.0
3,1233,1.0
3,1234,1.0
3,1235,1.0
3,1236,1.0
3,1237,1.0
3,1238,1.0
3,1239,1.0
3,1240,1.0
3,1241,1.0
3,1242,1.0
3,1243,1.0
3,1244,1.0
3,1245,1.0
3,1246,1.0
3,1247,1.0
3,1248,1.0
3,1249,1.0
3,1250,1.0
4,1,1.0
4,2,1.0
4,3,1.0
4,4,1.0
4,5,1.0
4,6,1.0
4,7,1.0
4,8,1.0
4,9,1.0
4,10,1.0
4,11,1.0
4,12,1.0
4,13,1.0
4,14,1.0
4,15,1.0
4,16,1.0
4,17,1.0
4,18,1.0
4,19,1.0
4,20,1.0
4,21,1.0
4,22,1.0
4,23,1.0
4,24,1.0
4,25,1.0
4,26,1.0
4,27,1.0
4,28,1.0
4,29,1.0
4,30,1.0
4,31,1.0
4,32,1.0
4,33,1.0
4,34,1.0
4,35,1.0
4,36,1.0
4,37,1.0
4,38,1.0
4,39,1.0
4,40,1.0
4,41,1.0
4,42,1.0
4,43,1.0
4,44,1.0
4,45,1.0
4,46,1.0
4,47,1.0
4,48,1.0
4,49,1.0
4,50,1.0
4,51,1.0
4,52,1.0
4,53,1.0
4,54,1.0
4,55,1.0
4,56,1.0
4,57,1.0
4,58,1.0
4,59,1.0
4,60,1.0
4,61,1.0
4,62,1.0
4,63,1.0
4,64,1.0
4,65,1.0
4,66,1.0
4,67,1.0
4,68,1.0
4,69,1.0
4,70,1.0
4,71,1.0
4,72,1.0
4,73,1.0
4,74,1.0
4,75,1.0
4,76,1.0
4,77,1.0
4,78,1.0
4,79,1.0
4,80,1.0
4,81,1.0
4,82,1.0
4,83,1.0
4,84,1.0
4,85,1.0
4,86,1.0
4,87,1.0
4,88,1.0
4,89,1.0
4,90,1.0
4,91,1.0
4,92,1.0
4,93,1.0
4,94,1.0
4,95,1.0
4,96,1.0
4,97,1.0
4,98,1.0
4,99,1.0
4,100,1.0
4,101,1.0
4,102,1.0
4,103,1.0
4,104,1.0
4,105,1.0
4,106,1.0
4,107,1.0
4,108,1.0
4,109,1.0
4,110,1.0
4,111,1.0
4,112,1.0
4,113,1.0
4,114,1.0
4,115,1.0
4,116,1.0
4,117,1.0
4,118,1.0
4,119,1.0
4,120,1.0
4,121,1.0
4,122,1.0
4,123,1.0
4,124,1.0
4,125,1.0
4,126,1.0
4,127,1.0
4,128,1.0
4,129,1.0
4,130,1.0
4,131,1.0
4,132,1.0
4,133,1.0
4,134,1.0
4,135,1.0
4,136,1.0
4,137,1.0
4,138,1.0
4,139,1.0
4,140,1.0
4,141,1.0
4,142,1.0
4,143,1.0
4,144,1.0
4,145,1.0
4,146,1.0
4,147,1.0
4,148,1.0
4,149,1.0
4,150,1.0
4,151,1.0
4,152,1.0
4,153,1.0
4,154,1.0
4,155,1.0
4,156,1.0
4,157,1.0
4,158,1.0
4,159,1.0
4,160,1.0
4,161,1.0
4,162,1.0
4,163,1.0
4,164,1.0
4,165,1.0
4,166,1.0
4,167,1.0
4,168,1.0
4,169,1.0
4,170,1.0
4,171,1.0
4,172,1.0
4,173,1.0
4,174,1.0
4,175,1.0
4,176,1.0
4,177,1.0
4,178,1.0
4,179,1.0
4,180,1.0
4,181,1.0
4,182,1.0
4,183,1.0
4,184,1.0
4,185,1.0
4,186,1.0
4,187,1.0
4,188,1.0
4,189,1.0
4,190,1.0
4,191,1.0
4,192,1.0
4,193,1.0
4,194,1.0
4,195,1.0
4,196,1.0
4,197,1.0
4,198,1.0
4,199,1.0
4,200,1.0
4,201,1.0
4,202,1.0
4,203,1.0
4,204,1.0
4,205,1.0
4,206,1.0
4,207,1.0
4,208,1.0
4,209,1.0
4,210,1.0
4,211,1.0
4,212,1.0
4,213,1.0
4,214,1.0
4,215,1.0
4,216,1.0
4,217,1.0
4,218,1.0
4,219,1.0
4,220,1.0
4,221,1.0
4,222,1.0
4,223,1.0
4,224,1.0
4,225,1.0
4,226,1.0
4,227,1.0
4,228,1.0
4,229,1.0
4,230,1.0
4,231,1.0
4,232,1.0
4,233,1.0
4,234,1.0
4,235,1.0
4,236,1.0
4,237,1.0
4,238,1.0
4,239,1.0
4,240,1.0
4,241,1.0
4,242,1.0
4,243,1.0
4,244,1.0
4,245,1.0
4,246,1.0
4,247,1.0
4,248,1.0
4,249,1.0
4,250,1.0
4,251,1.0
4,252,1.0
4,253,1.0
4,254,1.0
4,255,1.0
4,256,1.0
4,257,1.0
4,258,1.0
4,259,1.0
4,260,1.0
4,261,1.0
4,262,1.0
4,263,1.0
4,264,1.0
4,265,1.0
4,266,1.0
4,267,1.0
4,268,1.0
4,269,1.0
4,270,1.0
4,271,1.0
4,272,1.0
4,273,1.0
4,274,1.0
4,275,1.0
4,276,1.0
4,277,1.0
4,278,1.0
4,279,1.0
4,280,1.0
4,281,1.0
4,282,1.0
4,283,1.0
4,284,1.0
4,285,1.0
4,286,1.0
4,287,1.0
4,288,1.0
4,289,1.0
4,290,1.0
4,291,1.0
4,292,1.0
4,293,1.0
4,294,1.0
4,295,1.0
4,296,1.0
4,297,1.0
4,298,1.0
4,299,1.0
4,300,1.0
4,301,1.0
4,302,1.0
4,303,1.0
4,304,1.0
4,305,1.0
4,306,1.0
4,307,1.0
4,308,1.0
4,309,1.0
4,310,1.0
4,311,1.0
4,312,1.0
4,313,1.0
4,314,1.0
4,315,1.0
4,316,1.0
4,317,1.0
4,318,1.0
4,319,1.0
4,320,1.0
4,321,1.0
4,322,1.0
4,323,1.0
4,324,1.0
4,325,1.0
4,326,1.0
4,327,1.0
4,328,1.0
4,329,1.0
4,330,1.0
4,331,1.0
4,332,1.0
4,333,1.0
4,334,1.0
4,335,1.0
4,336,1.0
4,337,1.0
4,338,1.0
4,339,1.0
4,340,1.0
4,341,1.0
4,342,1.0
4,343,1.0
4,344,1.0
4,345,1.0
4,346,1.0
4,347,1.0
4,348,1.0
4,349,1.0
4,350,1.0
4,351,1.0
4,352,1.0
4,353,1.0
4,354,1.0
4,355,1.0
4,356,1.0
4,357,1.0
4,358,1.0
4,359,1.0
4,360,1.0
4,361,1.0
4,362,1.0
4,363,1.0
4,364,1.0
4,365,1.0
4,366,1.0
4,367,1.0
4,368,1.0
4,369,1.0
4,370,1.0
4,371,1.0
4,372,1.0
4,373,1.0
4,374,1.0
4,375,1.0
4,376,1.0
4,377,1.0
4,378,1.0
4,379,1.0
4,380,1.0
4,381,1.0
4,382,1.0
4,383,1.0
4,384,1.0
4,385,1.0
4,386,1.0
4,387,1.0
4,388,1.0
4,389,1.0
4,390,1.0
4,391,1.0
4,392,1.0
4,393,1.0
4,394,1.0
4,395,1.0
4,396,1.0
4,397,1.0
4,398,1.0
4,399,1.0
4,400,1.0
4,401,1.0
4,402,1.0
4,403,1.0
4,404,1.0
4,405,1.0
4,406,1.0
4,407,1.0
4,408,1.0
4,409,1.0
4,410,1.0
4,411,1.0
4,412,1.0
4,413,1.0
4,414,1.0
4,415,1.0
4,416,1.0
4,417,1.0
4,418,1.0
4,419,1.0
4,420,1.0
4,421,1.0
4,422,1.0
4,423,1.0
4,424,1.0
4,425,1.0
4,426,1.0
4,427,1.0
4,428,1.0
4,429,1.0
4,430,1.0
4,431,1.0
4,432,1.0
4,433,1.0
4,434,1.0
4,435,1.0
4,436,1.0
4,437,1.0
4,438,1.0
4,439,1.0
4,440,1.0
4,441,1.0
4,442,1.0
4,443,1.0
4,444,1.0
4,445,1.0
4,446,1.0
4,447,1.0
4,448,1.0
4,449,1.0
4,450,1.0
4,451,1.0
4,452,1.0
4,453,1.0
4,454,1.0
4,455,1.0
4,456,1.0
4,457,1.0
4,458,1.0
4,459,1.0
4,460,1.0
4,461,1.0
4,462,1.0
4,463,1.0
4,464,1.0
4,465,1.0
4,466,1.0
4,467,1.0
4,468,1.0
4,469,1.0
4,470,1.0
4,471,1.0
4,472,1.0
4,473,1.0
4,474,1.0
4,475,1.0
4,476,1.0
4,477,1.0
4,478,1.0
4,479,1.0
4,480,1.0
4,481,1.0
4,482,1.0
4,483,1.0
4,484,1.0
4,485,1.0
4,486,1.0
4,487,1.0
4,488,1.0
4,489,1.0
4,490,1.0
4,491,1.0
4,492,1.0
4,493,1.0
4,494,1.0
4,495,1.0
4,496,1.0
4,497,1.0
4,498,1.0
4,499,1.0
4,500,1.0
4,501,1.0
4,502,1.0
4,503,1.0
4,504,1.0
4,505,1.0
4,506,1.0
4,507,1.0
4,508,1.0
4,509,1.0
4,510,1.0
4,511,1.0
4,512,1.0
4,513,1.0
4,514,1.0
4,515,1.0
4,516,1.0
4,517,1.0
4,518,1.0
4,519,1.0
4,520,1.0
4,521,1.0
4,522,1.0
4,523,1.0
4,524,1.0
4,525,1.0
4,526,1.0
4,527,1.0
4,528,1.0
4,529,1.0
4,530,1.0
4,531,1.0
4,532,1.0
4,533,1.0
4,534,1.0
4,535,1.0
4,536,1.0
4,537,1.0
4,538,1.0
4,539,1.0
4,540,1.0
4,541,1.0
4,542,1.0
4,543,1.0
4,544,1.0
4,545,1.0
4,546,1.0
4,547,1.0
4,548,1.0
4,549,1.0
4,550,1.0
4,551,1.0
4,552,1.0
4,553,1.0
4,554,1.0
4,555,1.0
4,556,1.0
4,557,1.0
4,558,1.0
4,559,1.0
4,560,1.0
4,561,1.0
4,562,1.0
4,563,1.0
4,564,1.0
4,565,1.0
4,566,1.0
4,567,1.0
4,568,1.0
4,569,1.0
4,570,1.0
4,571,1.0
4,572,1.0
4,573,1.0
4,574,1.0
4,575,1.0
4,576,1.0
4,577,1.0
4,578,1.0
4,579,1.0
4,580,1.0
4,581,1.0
4,582,1.0
4,583,1.0
4,584,1.0
4,585,1.0
4,586,1.0
4,587,1.0
4,588,1.0
4,589,1.0
4,590,1.0
4,591,1.0
4,592,1.0
4,593,1.0
4,594,1.0
4,595,1.0
4,596,1.0
4,597,1.0
4,598,1.0
4,599,1.0
4,600,1.0
4,601,1.0
4,602,1.0
4,603,1.0
4,604,1.0
4,605,1.0
4,606,1.0
4,607,1.0
4,608,1.0
4,609,1.0
4,610,1.0
4,611,1.0
4,612,1.0
4,613,1.0
4,614,1.0
4,615,1.0
4,616,1.0
4,617,1.0
4,618,1.0
4,619,1.0
4,620,1.0
4,621,1.0
4,622,1.0
4,623,1.0
4,624,1.0
4,625,1.0
4,626,1.0
4,627,1.0
4,628,1.0
4,629,1.0
4,630,1.0
4,631,1.0
4,632,1.0
4,633,1.0
4,634,1.0
4,635,1.0
4,636,1.0
4,637,1.0
4,638,1.0
4,639,1.0
4,640,1.0
4,641,1.0
4,642,1.0
4,643,1.0
4,644,1.0
4,645,1.0
4,646,1.0
4,647,1.0
4,648,1.0
4,649,1.0
4,650,1.0
4,651,1.0
4,652,1.0
4,653,1.0
4,654,1.0
4,655,1.0
4,656,1.0
4,657,1.0
4,658,1.0
4,659,1.0
4,660,1.0
4,661,1.0
4,662,1.0
4,663,1.0
4,664,1.0
4,665,1.0
4,666,1.0
4,667,1.0
4,668,1.0
4,669,1.0
4,670,1.0
4,671,1.0
4,672,1.0
4,673,1.0
4,674,1.0
4,675,1.0
4,676,1.0
4,677,1.0
4,678,1.0
4,679,1.0
4,680,1.0
4,681,1.0
4,682,1.0
4,683,1.0
4,684,1.0
4,685,1.0
4,686,1.0
4,687,1.0
4,688,1.0
4,689,1.0
4,690,1.0
4,691,1.0
4,692,1.0
4,693,1.0
4,694,1.0
4,695,1.0
4,696,1.0
4,697,1.0
4,698,1.0
4,699,1.0
4,700,1.0
4,701,1.0
4,702,1.0
4,703,1.0
4,704,1.0
4,705,1.0
4,706,1.0
4,707,1.0
4,708,1.0
4,709,1.0
4,710,1.0
4,711,1.0
4,712,1.0
4,713,1.0
4,714,1.0
4,715,1.0
4,716,1.0
4,717,1.0
4,718,1.0
4,719,1.0
4,720,1.0
4,721,1.0
4,722,1.0
4,723,1.0
4,724,1.0
4,725,1.0
4,726,1.0
4,727,1.0
4,728,1.0
4,729,1.0
4,730,1.0
4,731,1.0
4,732,1.0
4,733,1.0
4,734,1.0
4,735,1.0
4,736,1.0
4,737,1.0
4,738,1.0
4,739,1.0
4,740,1.0
4,741,1.0
4,742,1.0
4,743,1.0
4,744,1.0
4,745,1.0
4,746,1.0
4,747,1.0
4,748,1.0
4,749,1.0
4,750,1.0
4,751,1.0
4,752,1.0
4,753,1.0
4,754,1.0
4,755,1.0
4,756,1.0
4,757,1.0
4,758,1.0
4,759,1.0
4,760,1.0
4,761,1.0
4,762,1.0
4,763,1.0
4,764,1.0
4,765,1.0
4,766,1.0
4,767,1.0
4,768,1.0
4,769,1.0
4,770,1.0
4,771,1.0
4,772,1.0
4,773,1.0
4,774,1.0
4,775,1.0
4,776,1.0
4,777,1.0
4,778,1.0
4,779,1.0
4,780,1.0
4,781,1.0
4,782,1.0
4,783,1.0
4,784,1.0
4,785,1.0
4,786,1.0
4,787,1.0
4,788,1.0
4,789,1.0
4,790,1.0
4,791,1.0
4,792,1.0
4,793,1.0
4,794,1.0
4,795,1.0
4,796,1.0
4,797,1.0
4,798,1.0
4,799,1.0
4,800,1.0
4,801,1.0
4,802,1.0
4,803,1.0
4,804,1.0
4,805,1.0
4,806,1.0
4,807,1.0
4,808,1.0
4,809,1.0
4,810,1.0
4,811,1.0
4,812,1.0
4,813,1.0
4,814,1.0
4,815,1.0
4,816,1.0
4,817,1.0
4,818,1.0
4,819,1.0
4,820,1.0
4,821,1.0
4,822,1.0
4,823,1.0
4,824,1.0
4,825,1.0
4,826,1.0
4,827,1.0
4,828,1.0
4,829,1.0
4,830,1.0
4,831,1.0
4,832,1.0
4,833,1.0
4,834,1.0
4,835,1.0
4,836,1.0
4,837,1.0
4,838,1.0
4,839,1.0
4,840,1.0
4,841,1.0
4,842,1.0
4,843,1.0
4,844,1.0
4,845,1.0
4,846,1.0
4,847,1.0
4,848,1.0
4,849,1.0
4,850,1.0
4,851,1.0
4,852,1.0
4,853,1.0
4,854,1.0
4,855,1.0
4,856,1.0
4,857,1.0
4,858,1.0
4,859,1.0
4,860,1.0
4,861,1.0
4,862,1.0
4,863,1.0
4,864,1.0
4,865,1.0
4,866,1.0
4,867,1.0
4,868,1.0
4,869,1.0
4,870,1.0
4,871,1.0
4,872,1.0
4,873,1.0
4,874,1.0
4,875,1.0
4,876,1.0
4,877,1.0
4,878,1.0
4,879,1.0
4,880,1.0
4,881,1.0
4,882,1.0
4,883,1.0
4,884,1.0
4,885,1.0
4,886,1.0
4,887,1.0
4,888,1.0
4,889,1.0
4,890,1.0
4,891,1.0
4,892,1.0
4,893,1.0
4,894,1.0
4,895,1.0
4,896,1.0
4,897,1.0
4,898,1.0
4,899,1.0
4,900,1.0
4,901,1.0
4,902,1.0
4,903,1.0
4,904,1.0
4,905,1.0
4,906,1.0
4,907,1.0
4,908,1.0
4,909,1.0
4,910,1.0
4,911,1.0
4,912,1.0
4,913,1.0
4,914,1.0
4,915,1.0
4,916,1.0
4,917,1.0
4,918,1.0
4,919,1.0
4,920,1.0
4,921,1.0
4,922,1.0
4,923,1.0
4,924,1.0
4,925,1.0
4,926,1.0
4,927,1.0
4,928,1.0
4,929,1.0
4,930,1.0
4,931,1.0
4,932,1.0
4,933,1.0
4,934,1.0
4,935,1.0
4,936,1.0
4,937,1.0
4,938,1.0
4,939,1.0
4,940,1.0
4,941,1.0
4,942,1.0
4,943,1.0
4,944,1.0
4,945,1.0
4,946,1.0
4,947,1.0
4,948,1.0
4,949,1.0
4,950,1.0
4,951,1.0
4,952,1.0
4,953,1.0
4,954,1.0
4,955,1.0
4,956,1.0
4,957,1.0
4,958,1.0
4,959,1.0
4,960,1.0
4,961,1.0
4,962,1.0
4,963,1.0
4,964,1.0
4,965,1.0
4,966,1.0
4,967,1.0
4,968,1.0
4,969,1.0
4,970,1.0
4,971,1.0
4,972,1.0
4,973,1.0
4,974,1.0
4,975,1.0
4,976,1.0
4,977,1.0
4,978,1.0
4,979,1.0
4,980,1.0
4,981,1.0
4,982,1.0
4,983,1.0
4,984,1.0
4,985,1.0
4,986,1.0
4,987,1.0
4,988,1.0
4,989,1.0
4,990,1.0
4,991,1.0
4,992,1.0
4,993,1.0
4,994,1.0
4,995,1.0
4,996,1.0
4,997,1.0
4,998,1.0
4,999,1.0
4,1000,1.0
4,1001,1.0
4,1002,1.0
4,1003,1.0
4,1004,1.0
4,1005,1.0
4,1006,1.0
4,1007,1.0
4,1008,1.0
4,1009,1.0
4,1010,1.0
4,1011,1.0
4,1012,1.0
4,1013,1.0
4,1014,1.0
4,1015,1.0
4,1016,1.0
4,1017,1.0
4,1018,1.0
4,1019,1.0
4,1020,1.0
4,1021,1.0
4,1022,1.0
4,1023,1.0
4,1024,1.0
4,1025,1.0
4,1026,1.0
4,1027,1.0
4,1028,1.0
4,1029,1.0
4,1030,1.0
4,1031,1.0
4,1032,1.0
4,1033,1.0
4,1034,1.0
4,1035,1.0
4,1036,1.0
4,1037,1.0
4,1038,1.0
4,1039,1.0
4,1040,1.0
4,1041,1.0
4,1042,1.0
4,1043,1.0
4,1044,1.0
4,1045,1.0
4,1046,1.0
4,1047,1.0
4,1048,1.0
4,1049,1.0
4,1050,1.0
4,1051,1.0
4,1052,1.0
4,1053,1.0
4,1054,1.0
4,1055,1.0
4,1056,1.0
4,1057,1.0
4,1058,1.0
4,1059,1.0
4,1060,1.0
4,1061,1.0
4,1062,1.0
4,1063,1.0
4,1064,1.0
4,1065,1.0
4,1066,1.0
4,1067,1.0
4,1068,1.0
4,1069,1.0
4,1070,1.0
4,1071,1.0
4,1072,1.0
4,1073,1.0
4,1074,1.0
4,1075,1.0
4,1076,1.0
4,1077,1.0
4,1078,1.0
4,1079,1.0
4,1080,1.0
4,1081,1.0
4,1082,1.0
4,1083,1.0
4,1084,1.0
4,1085,1.0
4,1086,1.0
4,1087,1.0
4,1088,1.0
4,1089,1.0
4,1090,1.0
4,1091,1.0
4,1092,1.0
4,1093,1.0
4,1094,1.0
4,1095,1.0
4,1096,1.0
4,1097,1.0
4,1098,1.0
4,1099,1.0
4,1100,1.0
4,1101,1.0
4,1102,1.0
4,1103,1.0
4,1104,1.0
4,1105,1.0
4,1106,1.0
4,1107,1.0
4,1108,1.0
4,1109,1.0
4,1110,1.0
4,1111,1.0
4,1112,1.0
4,1113,1.0
4,1114,1.0
4,1115,1.0
4,1116,1.0
4,1117,1.0
4,1118,1.0
4,1119,1.0
4,1120,1.0
4,1121,1.0
4,1122,1.0
4,1123,1.0
4,1124,1.0
4,1125,1.0
4,1126,1.0
4,1127,1.0
4,1128,1.0
4,1129,1.0
4,1130,1.0
4,1131,1.0
4,1132,1.0
4,1133,1.0
4,1134,1.0
4,1135,1.0
4,1136,1.0
4,1137,1.0
4,1138,1.0
4,1139,1.0
4,1140,1.0
4,1141,1.0
4,1142,1.0
4,1143,1.0
4,1144,1.0
4,1145,1.0
4,1146,1.0
4,1147,1.0
4,1148,1.0
4,1149,1.0
4,1150,1.0
4,1151,1.0
4,1152,1.0
4,1153,1.0
4,1154,1.0
4,1155,1.0
4,1156,1.0
4,1157,1.0
4,1158,1.0
4,1159,1.0
4,1160,1.0
4,1161,1.0
4,1162,1.0
4,1163,1.0
4,1164,1.0
4,1165,1.0
4,1166,1.0
4,1167,1.0
4,1168,1.0
4,1169,1.0
4,1170,1.0
4,1171,1.0
4,1172,1.0
4,1173,1.0
4,1174,1.0
4,1175,1.0
4,1176,1.0
4,1177,1.0
4,1178,1.0
4,1179,1.0
4,1180,1.0
4,1181,1.0
4,1182,1.0
4,1183,1.0
4,1184,1.0
4,1185,1.0
4,1186,1.0
4,1187,1.0
4,1188,1.0
4,1189,1.0
4,1190,1.0
4,1191,1.0
4,1192,1.0
4,1193,1.0
4,1194,1.0
4,1195,1.0
4,1196,1.0
4,1197,1.0
4,1198,1.0
4,1199,1.0
4,1200,1.0
4,1201,1.0
4,1202,1.0
4,1203,1.0
4,1204,1.0
4,1205,1.0
4,1206,1.0
4,1207,1.0
4,1208,1.0
4,1209,1.0
4,1210,1.0
4,1211,1.0
4,1212,1.0
4,1213,1.0
4,1214,1.0
4,1215,1.0
4,1216,1.0
4,1217,1.0
4,1218,1.0
4,1219,1.0
4,1220,1.0
4,1221,1.0
4,1222,1.0
4,1223,1.0
4,1224,1.0
4,1225,1.0
4,1226,1.0
4,1227,1.0
4,1228,1.0
4,1229,1.0
4,1230,1.0
4,1231,1.0
4,1232,1.0
4,1233,1.0
4,1234,1.0
4,1235,1.0
4,1236,1.0
4,1237,1.0
4,1238,1.0
4,1239,1.0
4,1240,1.0
4,1241,1.0
4,1242,1.0
4,1243,1.0
4,1244,1.0
4,1245,1.0
4,1246,1.0
4,1247,1.0
4,1248,1.0
4,1249,1.0
4,1250,1.0
5,1,1.0
5,2,1.0
5,3,1.0
5,4,1.0
5,5,1.0
5,6,1.0
5,7,1.0
5,8,1.0
5,9,1.0
5,10,1.0
5,11,1.0
5,12,1.0
5,13,1.0
5,14,1.0
5,15,1.0
5,16,1.0
5,17,1.0
